number_of_rooms,lot_size,house_size,number_of_bathrooms,size_of_the_yard,distance_to_santa_monica,distance_to_malibu,distance_to_closest_freeway_entrance,distance_to_shopping_center,distance_to_the_beach,solar_pannel,number_of_parking_spot,gated,HOA,school_district,price
7,6744,2584,4.5,4184,1.54,13.87,0.64,0.18,1.57,0,4,0,0,7.21,2713769
5,4982,1221,3.4,3944,0.8,16.4,1.3,1.2,0.44,0,2,0,1,7.5,598053
3,5193,1317,1.4,3343,2.49,14.41,1.65,0.67,3.32,1,3,0,1,7.54,250000
4,10779,2498,2.4,7966,12.72,3.39,7.89,2.75,1.67,1,4,0,1,7.58,2927615
6,6040,2526,4.2,3528,1.85,21.26,0.46,0.6,0.3,0,4,0,1,7.96,2385269
6,3013,2854,3.7,0,3.28,20.74,1.43,1.09,2.83,0,5,1,0,8.15,1194497
3,2200,1566,2.6,839,0.49,23.16,2.08,0.99,1.58,1,3,1,0,7.71,612850
7,6054,2880,4.1,3569,0.12,18.13,1.22,0.41,0.3,1,3,0,1,7.45,3136539
5,1992,2302,2.7,491,1.31,12.62,0.91,1.37,0.51,0,4,0,0,8.03,1812178
7,2814,3172,4,284,1.96,16.24,0.27,1.26,3.37,0,4,0,0,7.56,1671935
7,53376,2844,4.5,50198,22.56,8.21,9.55,4.61,0.56,1,3,1,1,8.09,5130498
7,2640,2967,3.5,495,1.56,12.11,0.52,1.03,0.11,0,5,0,0,8.08,2820552
6,7975,2710,3.9,5674,2.7,15.12,0.79,0.68,1.85,1,5,0,0,7.45,1605301
2,4109,1063,2.3,2926,2.94,16.13,1.7,1.92,4.2,0,3,1,0,7.61,250000
10,43586,4592,5.8,39994,13.55,6.23,13.9,1.81,1.08,0,6,0,1,8.06,7666065
8,33612,4208,3.8,29907,24.77,6.57,11.02,6.53,1.79,0,5,0,0,8.05,5381315
6,1994,2792,3.8,0,0.96,13.52,1.45,1.18,0.47,0,4,0,1,7.81,2706088
3,5935,1523,3.2,4397,1.15,12.94,0.36,1.45,1.52,0,2,0,1,7.35,831408
10,45846,4504,5.9,41329,21.79,4.31,6.48,3.36,1.54,0,6,0,0,7.56,6876494
2,6519,1118,1.9,5836,2.12,21.51,1.01,1.74,3.31,0,2,0,0,7.9,250000
10,26850,6783,5.2,20641,26.49,2.12,4.69,1.53,0.13,1,6,0,1,8.18,9974358
6,6477,3281,3.1,3189,3.21,23.64,0.65,0.52,3.63,1,5,1,0,8.03,1725061
5,6493,2062,3.2,4686,2.08,15.84,2.27,0.64,0.12,0,4,0,0,7.98,1591667
10,48745,5822,5.9,43813,13.46,5.05,4.58,4.76,0.94,0,6,0,1,8.06,9609036
3,6931,1761,2.2,5501,0.99,21.75,2.38,1.48,1.38,0,4,1,0,7.73,989488
2,2583,1309,1.5,1233,1.35,21.79,1.39,1.25,4.37,1,3,0,1,7.48,250000
8,4680,3129,4.7,2958,1.36,19.55,1.83,0.74,1.17,0,4,0,0,8.02,2974439
8,6867,3168,5.3,4366,1.78,18.43,0.98,1.24,1.26,1,4,0,0,8.05,3249953
9,14123,4727,4.8,9871,18.09,9.71,12.42,6.84,0.99,1,6,1,1,8.11,6001154
5,6761,2294,4.3,4754,0.65,20.06,1.66,0.6,0.29,1,5,0,1,7.71,2274200
7,1950,2637,3.3,0,1.59,20.45,0.77,0.29,0.12,1,3,0,0,7.71,2562530
8,8064,3469,4.8,5504,1.44,25.12,0.99,0.66,2.61,0,4,0,0,7.86,2211290
6,3597,2963,3.3,878,1.24,20.01,0.68,0.37,0.17,0,4,0,0,7.83,2842461
4,39907,1858,3.1,37961,25.98,9.22,4.61,2.79,1.63,0,2,1,0,8.12,2342501
4,3113,2541,2.9,448,2.25,18.14,1.47,0.25,0.86,0,3,0,0,7.61,2049322
10,38054,5203,6.3,33177,24.63,5.08,4.87,4.67,1.21,0,6,1,1,7.93,8362464
3,2595,1466,1.9,1411,0.49,14.24,0.93,0.34,1.62,0,3,0,1,7.64,487637
5,2689,2438,2.7,634,2.33,18.68,1.56,0.49,1.41,0,2,0,1,7.85,1743501
6,4302,2125,3.4,2807,0.22,16.04,0.6,0.19,1.78,1,3,0,0,7.31,1713021
10,50853,6804,6.3,44670,13.99,7.36,13.38,2.1,0.23,1,6,0,0,8.38,10870249
3,5757,1933,2.2,4026,3.63,18.71,1.51,0.99,2.32,0,4,1,0,7.94,250000
8,2995,3444,4.6,0,2.88,18.02,0.42,1.63,3.17,0,5,0,0,7.77,1999810
7,53345,3316,4.3,50740,25.14,1.28,12.46,1.72,0.85,1,4,1,1,7.68,5823743
7,2744,2989,5.5,0,1.5,16.81,1.32,1.43,0.36,1,4,1,1,8.09,3176488
5,3237,2498,3.2,1017,2.82,19.09,1.38,1.88,4.24,0,5,0,0,7.8,546289
3,3534,1816,2.2,1337,1.39,23.04,1.06,0.59,1.35,0,3,0,0,7.6,902262
4,6499,1034,2.8,5576,2.99,16.14,1.74,0.47,2.45,0,2,1,0,8.17,250000
5,5833,1943,3.1,4009,1.36,17.29,1.18,0.88,0.36,0,4,0,0,7.9,1491661
2,2954,1431,2.3,1546,1.71,12.24,0.53,1.22,0.4,0,2,1,1,8.13,466521
5,3324,2962,4.1,38,0.13,13.03,0.76,0.14,0.41,0,4,0,0,7.58,3136617
4,5166,1766,2.9,3395,3.85,23.16,0.42,1.76,2.71,0,3,0,0,7.45,250000
8,59158,4344,4.9,56251,14.75,2.87,4.18,7.38,0.32,1,6,0,0,8.06,7797132
4,6722,1456,2.4,5505,3.74,19.03,0.81,1.13,1.16,0,2,0,0,7.88,250000
5,4745,1995,2.5,2947,1.69,23.24,1.91,0.4,0.15,0,3,0,1,7.72,1571157
3,5157,1641,2.2,3643,3.46,23.59,1.31,0.69,3.07,0,3,0,1,7.71,250000
8,6907,3208,4.7,4244,1.75,19.87,0.55,1.98,4.3,1,4,1,0,7.83,1834930
3,6110,985,1.9,5130,1.53,14.76,0.57,0.21,1.28,0,2,0,0,7.73,250000
3,3784,1063,2,2572,3.61,14.26,1.6,1.15,4.29,0,1,1,1,7.47,250000
3,5635,1449,2.5,5106,0.37,16.26,0.93,0.51,0.5,0,2,1,1,7.77,768514
10,57016,4017,6.3,52615,21.81,1.84,13.91,2.47,1.89,0,6,0,0,7.76,7374369
6,6839,2933,3.9,3924,2.33,23.94,0.68,0.65,1.39,0,5,0,1,7.61,2854481
4,20342,2125,2.9,17555,26.22,9.57,12.62,6.63,1.34,0,2,1,0,7.73,2155726
10,32738,4091,5.3,29351,21.48,8.28,7.48,5.68,1.17,1,6,1,1,8.18,6461235
6,6407,2957,3.3,3400,1.48,24.57,1.59,0.25,3.89,1,5,0,0,7.7,1361406
6,3967,2648,3.8,1887,2.62,23.36,0.37,1.57,2.89,0,4,1,0,7.79,1065452
6,2658,2514,3.4,330,2.04,21.45,0.27,1.77,4.41,1,2,0,0,7.29,672189
6,5933,2495,3.7,4610,0.63,12.99,1.8,1.02,0.56,0,3,0,1,7.95,2329268
2,2908,972,1.8,2388,1.66,16.42,2.2,0.76,1.75,1,3,0,1,7.57,250000
5,32002,2057,2.9,30571,14,6.92,8.3,2.24,1.03,0,3,0,0,7.66,2796337
4,6280,1758,2.6,5899,3.08,24.32,1.45,0.27,2.68,0,3,0,0,7.62,250000
2,3623,976,2.2,3444,0.29,16.76,0.59,0.89,1.27,0,3,1,0,8.07,250000
10,44561,5890,6.2,39461,17.43,8.19,4.8,7.24,1.14,1,6,0,0,8.02,9038189
10,17838,6865,5.7,11678,17.39,1.98,11.9,5.54,1.05,0,6,1,0,8.64,9760083
3,7250,2106,3.4,5302,2.04,18.45,1.78,0.27,4.03,1,5,1,0,7.83,370885
10,17376,4889,5.2,12963,22.1,7.38,5.32,5.95,1.83,0,6,1,0,7.7,6908249
3,3312,2017,2.2,449,3.91,17.1,1.25,0.79,3.71,1,3,0,0,7.86,250000
3,2672,984,2.5,1656,1.87,19.97,1.34,1.28,1.47,0,2,0,0,7.52,250000
10,23072,4241,5.7,19189,12.67,1.65,13.87,7.75,0.11,0,6,0,1,8.23,5993475
8,5302,3131,4.8,2559,0.33,20.07,1.28,1.32,0.4,0,5,0,1,7.77,3408489
10,43234,5188,5.4,38735,15.45,6.66,7.94,5.49,0.3,1,6,1,0,8.5,7793220
10,47163,5868,4.8,42680,18.97,8.21,5.2,4.72,0.11,0,6,0,0,7.94,9111836
5,4938,2437,3.2,2166,1.59,17.56,1.14,1.31,0.98,0,3,0,0,8.02,1939758
10,44779,6751,5.5,38326,12.29,2.12,4.08,5.46,1.81,0,6,0,0,8.41,10141106
5,4317,2587,3.5,2912,3.15,17.27,0.86,0.42,1.63,0,4,0,0,7.72,1172725
3,35712,1643,2,33532,22.13,9.52,10.02,6.7,1.78,1,4,1,0,7.91,1752668
5,6078,1875,2.9,4213,1.7,13.15,1.67,0.73,1.1,0,3,0,1,7.86,1408245
6,3833,2267,3.4,2077,1.29,23.85,0.6,1.07,0.79,0,5,0,0,7.51,1850262
5,2161,2094,4.3,0,0.26,21.6,0.81,0.86,1.6,1,2,1,1,8.16,1505350
5,2609,2462,2.8,25,3.87,16.1,1.3,0.56,2.88,1,5,0,1,7.54,828683
6,6961,3032,3.9,4484,1.4,22.1,1.45,0.97,0.25,1,5,0,0,7.69,3014527
5,6672,2174,3.7,4757,0.83,16.76,1.28,0.94,0.98,0,3,1,1,7.98,1886685
4,2221,1827,2.9,1809,0.52,20.34,1.06,1.47,1.19,1,3,0,0,7.45,1104665
2,2154,959,1,821,0.42,23.56,1.51,1.45,0.84,0,2,0,1,7.38,250000
4,5860,1958,2.6,3915,0.24,23.94,0.43,1.07,1.77,0,3,0,0,7.68,1150040
6,39222,3115,3.6,35833,21.98,5.37,8.26,1.74,1.78,1,3,1,1,7.93,4622077
3,2331,1676,2.3,0,3.28,15.65,1.06,0.59,1.04,1,4,0,0,7.56,250000
4,5437,1977,3.3,3355,2.18,19.51,1.46,1.81,4.34,0,4,0,0,7.5,250000
7,6684,3327,5,3575,2.91,21.37,0.31,1.13,1.53,0,5,0,0,7.55,2206885
6,5828,2421,3.3,2938,0.54,14.09,0.52,1.02,1.4,0,5,0,1,7.85,2192862
8,2485,3518,4.9,0,3.4,17.51,1.77,1.28,3.04,0,5,1,0,7.71,2141490
8,4987,3069,4.3,2142,0.68,13.46,0.73,1.34,1.2,1,5,0,1,7.99,3245621
6,3407,2417,4,1246,3.95,25.25,0.27,0.5,1.46,1,3,0,0,7.77,1022408
5,4738,2484,2.8,2212,2.2,19.64,1.97,0.32,0.88,0,4,0,1,7.65,2062510
2,35928,1429,1.3,34415,24.18,0.55,11.46,2.26,1.92,1,2,1,0,8.07,1466234
8,38024,3593,5.9,34509,18.6,7.02,4.03,5.26,0.78,0,5,0,1,8.22,5808492
10,20570,6020,5.8,13765,19.97,0.96,4.59,3.21,1.59,0,6,0,0,8.13,8609839
8,7203,3596,4.1,3780,3.8,21.71,0.87,1.35,3.75,0,6,0,0,7.46,2193599
7,1926,2813,4.1,0,0.76,18.22,0.96,1.42,0.54,1,4,0,0,7.81,2848432
6,5593,2661,3.6,2760,0.48,19.32,0.6,1.15,1.22,1,3,0,0,7.7,2538206
8,9530,4130,4.1,5936,12.54,0.81,13.06,1.8,1.11,0,6,1,0,7.78,5576381
2,8873,1667,2.5,7005,2.96,16.38,1.1,1.04,4.4,1,2,0,0,7.42,250000
2,5896,1212,2.9,5690,2.37,19.82,0.47,1.9,3.97,0,2,0,0,7.41,250000
3,5889,1363,2.2,4516,0.72,13.98,1.03,1.16,0.98,1,1,0,0,7.6,483688
8,35090,4188,4.7,31502,13.69,6.64,12.22,3.54,1.57,0,6,1,0,8.09,6659226
6,5419,2725,3.5,2489,0.86,22.29,2.29,0.49,1.77,0,4,0,0,7.78,2387548
4,8776,2086,2.7,6915,3.95,22.02,1.22,0.5,4.09,0,3,0,1,7.58,280368
4,6263,2784,2.5,4406,1.4,20.52,0.99,0.76,1.5,0,4,0,1,7.65,2387089
6,4142,2622,3.8,1968,1.66,19.45,1.08,1.28,0.9,0,3,0,0,7.83,2278379
4,6153,1542,2.9,4940,1.64,20.33,1.43,0.53,0.46,0,3,0,0,7.72,860804
5,2955,2162,2.8,898,2.38,24.37,1.07,0.88,4.42,1,4,0,1,7.69,250000
6,6807,2571,4.6,4381,0.83,21.95,0.92,1.32,0.29,0,4,0,0,7.47,2636120
3,5665,1011,2,4797,2.27,22.23,1.77,0.93,1.62,1,2,1,0,7.5,250000
5,6530,2439,2.3,4590,2.09,22.55,1.56,0.82,0.83,1,5,0,1,8,2113455
6,3815,2332,4,2861,1.31,18.61,0.98,1.37,4.33,0,4,0,0,7.44,659409
7,3239,3135,3.4,264,0.9,17.78,0.73,0.96,0.58,1,4,0,0,7.92,3061164
5,2253,2319,2.9,0,0.37,16.14,1.42,1.32,0.94,0,2,1,1,7.57,2001588
10,57573,5999,5.9,52040,12.03,6.44,4.51,2.65,0.21,0,6,0,0,8.51,9797231
4,2217,1716,3.2,863,2.36,20.02,1.79,0.61,1.11,0,3,1,0,7.57,1009711
5,3995,1579,2.8,3059,1.27,18.93,0.4,0.27,1.05,0,3,0,1,7.45,911627
10,30107,5871,6.1,25616,25.16,8.6,13.17,3.9,0.71,1,6,0,0,7.95,8715208
4,24677,2265,2.4,23121,12.41,6.53,10.37,3.25,0.24,0,5,0,1,8.14,2860669
2,4325,963,1.7,2556,1.31,23.57,1.15,0.15,0.15,1,2,0,1,7.75,250000
7,7822,3558,4.2,5485,1.87,25.53,0.82,0.89,2.19,1,6,0,0,7.6,2382527
4,2100,1688,2.2,478,0.75,23.6,1.53,0.59,1.09,0,5,1,1,8.02,877005
5,3569,2027,3.5,2287,1.12,19.71,1.07,0.61,4.37,0,3,0,0,7.39,250000
4,56978,2233,2.4,55288,19.4,9.81,8.83,7.02,1.22,0,3,0,0,7.92,3488359
10,28010,6034,6.1,22876,24.23,5.82,13.56,2.24,0.31,0,6,1,0,8.75,8845199
3,6909,1350,2.8,5952,1.9,18.3,1.49,0.7,1.74,0,3,0,0,7.81,250000
4,39135,1896,2.6,36481,19.8,0.96,8.08,3.73,0.23,0,3,0,1,7.68,2844220
3,3895,1579,2.7,1703,0.66,15.37,2.07,1.4,0.79,0,3,1,1,8.07,735030
5,6421,2057,2.8,4808,1.18,19.03,1.67,0.2,1.26,0,4,0,0,7.54,1626559
2,4133,1348,1.9,3397,2.89,14.65,1.4,0.77,1,0,2,0,0,7.78,250000
5,2330,1729,3.2,969,0.75,22.11,0.99,1.2,1.62,0,3,0,0,7.94,765041
2,2230,1434,2.4,1041,3.14,22,1.75,1.57,4.33,0,2,0,0,7.46,250000
3,4180,1380,2.5,3249,0.98,16.44,0.42,1.17,0.81,0,2,1,0,7.97,465633
5,2510,2399,3.2,0,1.87,15.79,1.72,0.65,1.31,0,3,0,0,7.87,1790774
6,3771,1676,4.1,2253,0.15,13.49,1.21,0.79,0.79,1,3,0,1,7.87,1209870
10,34150,6866,5.1,26890,14.01,0.37,11.7,6.61,0.33,0,6,0,0,8.34,10444379
10,7274,6432,4.7,1397,24.53,7.85,8.58,3.67,0.68,0,6,1,1,8.5,8777921
3,3702,1418,2.2,1776,0.57,13.69,1.67,1.19,1.08,0,4,0,0,7.57,521959
5,8253,2840,3.3,6709,1.19,15.77,0.21,1.34,2.57,0,4,0,1,8.15,1268210
3,2028,1281,2.5,899,1.17,14.51,0.41,1.28,1.77,0,3,0,1,7.6,250000
10,16266,5839,5.7,11913,26.53,9.45,13.6,4.55,1.96,0,6,1,1,8.3,7581641
3,32940,1468,1.8,31854,12.14,3.7,13.26,2.45,1.31,0,3,0,0,8.03,1733515
5,3302,1815,2.9,735,2.31,23.92,0.4,1.17,0.73,1,4,0,1,7.96,1028523
7,2796,3012,4.1,0,0.34,18.07,0.79,0.15,0.16,0,6,0,1,7.67,3056489
10,57109,6398,5.7,51794,18.71,7.85,8.76,4.38,0.49,0,6,0,0,8.25,10822114
6,6017,2822,4.2,3190,0.9,20.32,2,1.02,0.36,0,3,0,1,7.69,2842512
7,18211,3104,3.6,15751,16.86,2.46,4.01,6.05,1.94,0,5,0,0,7.95,3968467
6,3729,2974,3.8,1953,2.04,23.82,1.96,0.65,1.1,0,5,0,1,7.93,2643125
6,5515,2646,4.1,2974,0.35,18.17,1.42,0.62,1.69,1,5,0,1,7.65,2572754
8,16543,3334,4.6,12347,17.37,9.79,12.57,5.85,1.48,0,5,1,1,7.92,4384234
10,6617,5341,5.5,1813,27.52,4.49,6.35,5.88,1.65,1,6,1,0,8.26,7498948
6,2485,2890,4.1,440,0.48,15.72,0.94,1.32,1.24,1,6,1,0,7.86,2823243
4,4156,1798,1.9,1980,2.06,21.46,0.73,1.52,2.42,0,4,0,1,7.87,250000
4,3553,2088,2.8,2431,3.25,15.22,0.64,0.7,2.51,1,3,0,0,7.33,479807
3,4312,1518,2.2,3783,0.79,19.88,2.43,0.95,0.23,0,4,0,0,7.91,669653
4,4328,1705,2.9,3626,2.79,24.39,1.71,0.39,1.54,0,3,0,0,7.32,250000
5,8712,2037,3.2,6990,3.52,16.26,1.28,1.96,1.36,1,3,0,0,8.01,573172
5,4865,2311,3.5,2436,1.63,14.9,1.87,0.23,0.44,0,3,0,0,7.89,2035275
8,2752,3474,4,60,3.52,23.66,1.52,1.88,2.9,0,5,0,0,7.8,2013571
5,4028,1958,2.7,1458,3.69,22,1.46,1.02,3.21,0,2,1,0,7.61,250000
3,1914,1592,3.1,0,1.31,12.67,1.38,1.4,0.28,0,3,0,0,7.79,761558
10,49963,5237,5.8,45774,13.77,3.03,7.1,2.6,1.08,1,6,0,1,8.05,8913757
7,4429,3065,4,2132,2.2,13.23,1.16,0.87,0.96,1,5,0,0,7.6,3204707
6,3419,2804,4.6,755,1.69,15.41,0.46,0.2,3.52,0,4,0,0,8.15,1169895
3,2100,1799,1.4,1416,0.66,14.63,2.41,0.96,1.05,0,3,0,0,7.87,817807
3,5821,1300,1.7,4585,2.82,15.41,0.74,0.46,3.42,0,3,0,0,8.01,250000
4,6883,1659,3.4,5938,1.03,22.68,1.06,1.71,3.87,0,2,0,1,7.49,250000
7,3817,2748,4.2,1439,2.26,14.44,0.45,1.33,0.76,0,4,0,1,7.42,2832942
4,3623,1757,2.2,1941,0.26,16.43,1.32,1.11,1.22,1,3,0,0,7.93,908881
10,49362,4301,5.4,45669,14.25,6.78,10.2,6.14,0.42,1,6,0,1,8.03,7593425
5,3264,2232,2.5,1263,3.15,17.25,0.52,0.76,1.85,0,4,0,0,7.91,528996
3,7614,1707,2,5571,3.08,17.17,1.7,1.35,2.14,0,3,0,0,7.71,250000
4,16137,1895,2,14479,23.18,3.81,8.32,1.02,0.59,0,3,1,1,7.98,1975308
10,50572,6131,5.1,45239,15.98,5.85,4.67,1.48,2,1,6,0,0,7.93,9757598
7,3674,2703,4.8,1435,1.46,15.75,1.74,0.42,0.12,0,5,0,1,8.14,2848506
8,46863,3877,4.9,42639,23.32,4.01,6.29,5.1,1.86,1,5,1,1,8.15,6362770
6,2563,2182,3.7,1104,3.02,22.13,0.8,1.9,1.59,0,4,0,0,7.44,725021
7,5295,2736,4.4,2342,3.51,16.04,0.23,1.6,3.13,0,6,0,0,7.75,1278182
3,6231,1923,2.7,4816,1.16,14.38,0.88,0.35,3.12,0,3,0,1,7.63,250000
2,7962,1162,1.8,6586,2.01,14.8,1.76,1.67,3.98,0,2,0,0,7.39,250000
10,47002,6819,5.3,40479,19.04,2.93,11.98,3.15,0.67,1,6,0,0,8.21,10989846
3,6296,1256,1.8,4583,0.3,17.81,0.97,0.89,1.47,0,2,0,0,7.56,250000
3,6076,1031,2.5,5345,1.1,17.5,1.9,0.9,1.23,1,1,1,1,7.48,250000
5,7243,2281,2.3,4945,2.45,24.06,0.78,1.75,2.42,0,4,1,0,8.18,563135
3,6584,1598,1.9,4843,2.66,18.47,1.26,0.45,3,1,2,0,1,7.56,250000
6,3748,2735,3.2,945,0.98,13.04,1.52,1.28,1.45,1,4,0,0,7.86,2511687
8,14211,3967,4.3,10787,17.62,1.12,8.86,7.43,0.18,0,5,0,1,7.96,5050448
7,4904,3199,3.6,3230,1.95,16.77,2.12,0.34,0.15,1,5,0,0,7.46,3673979
2,14677,1540,2.3,13083,19.18,2.53,4.5,6.02,0.31,1,2,0,1,7.73,1271323
6,5322,2201,3.8,2990,2.33,16.65,0.45,0.13,1.51,0,3,1,1,7.82,1881172
5,6814,1826,4,4869,3.54,25.37,1.62,1.53,1.97,0,3,0,0,7.53,292269
3,9338,1917,2.4,8650,14.6,6.03,5.5,7.77,0.95,1,3,1,1,7.64,1978438
6,6400,2960,3.2,4348,2.28,15.77,1.82,0.48,0.42,0,4,0,0,7.82,2759752
5,4900,1898,3.9,4146,0.49,13.4,1.5,1.36,0.68,1,4,0,0,7.67,1534147
3,5355,1309,2.2,3701,3.94,16.58,0.31,1.27,3.59,0,3,0,0,7.46,250000
2,2062,1021,2.4,1357,1.76,17.5,0.8,0.96,0.53,0,2,0,0,7.48,250000
4,2240,1973,3.4,0,1.26,22.09,0.79,0.63,1.47,1,3,0,1,7.73,1324897
4,4273,1838,2.4,2752,0.49,19.88,2.44,0.89,1.32,1,2,0,0,7.8,966064
8,6135,2774,4.2,3361,1.57,16.48,0.86,0.25,0.7,0,4,0,0,7.56,2866626
7,36080,2696,4.9,34386,20.04,7.37,13.58,2.39,1.78,0,4,1,0,8.04,4131077
5,6131,2143,3.9,3227,2.13,17.18,1.13,1.38,0.53,0,3,0,0,8.03,1622458
6,5290,2752,3.5,3454,2.37,16.8,2.02,0.47,1.78,0,5,1,0,7.63,2638404
4,4642,1860,2.4,3492,0.48,14.05,1.22,1.16,1.63,0,4,0,0,7.57,1127446
8,56029,3750,4.6,52316,12.81,0.59,9.74,3.63,0.15,0,6,0,0,7.95,6756986
4,5489,1524,3,3763,2.27,16.5,1.51,0.17,0.82,1,2,1,0,7.39,973553
6,10510,2582,2.5,8312,24.04,0.7,8.93,3.98,0.74,1,3,1,0,7.83,2821248
4,3924,2463,3.2,1206,0.24,12.42,1.16,1.08,0.43,0,3,0,1,7.88,2175905
6,27438,2275,4.3,25916,23.81,3.73,10.71,2.75,0.25,0,4,0,1,7.45,3009383
6,4734,2856,3.4,1777,0.58,23.21,1.82,1.25,1.05,1,5,0,0,7.7,2736026
6,6241,2568,3.2,4239,3.05,20.9,0.89,0.7,3.69,1,3,0,0,7.68,887621
10,8430,5511,6.5,2829,17.46,4.89,13.29,3.19,0.98,0,6,1,1,8.59,8472727
2,2672,1234,2.4,2512,2.8,18.09,1.67,0.93,1.5,1,3,0,0,7.65,250000
3,1806,1525,2.9,766,0.62,19.94,1.69,0.93,0.13,0,4,0,0,7.52,770021
6,5590,2694,3.5,3470,0.38,12,1.87,0.6,0.53,0,6,0,0,7.48,2877004
5,2294,1624,3.4,228,0.33,14.12,2.47,0.72,1,0,2,0,1,7.49,1014365
6,3073,2504,4.4,589,3.08,22.41,1.41,1.77,2.75,0,3,0,0,7.65,867472
4,5881,1224,3,4779,1.17,15.27,1.14,1.18,1.82,0,2,0,0,7.72,250000
10,37489,5489,5.9,32362,17.84,6.48,8.66,2.17,1.43,1,6,1,0,8.04,9367413
8,30526,3709,4.5,27227,26.96,2.66,5.2,5.01,1.94,0,4,1,1,7.58,5159871
7,2399,2932,4.4,983,1.1,16.65,1.75,0.72,1.2,0,4,0,0,7.74,2759154
4,5619,1380,2.5,3968,0.24,18.63,1.61,1.32,1.08,0,3,1,0,7.61,614228
5,4050,2270,2.8,2555,0.29,23.27,1.96,0.92,1.51,1,4,0,1,7.78,1597718
6,8564,2748,3.5,7087,2.44,23.72,1.72,0.24,4.44,0,3,0,0,7.56,1147935
3,4101,1011,2.5,3812,2.07,21.92,1.59,0.59,1.46,0,3,0,1,8,250000
5,5053,2215,2.7,3004,0.54,12.72,1.63,1.17,0.99,0,3,0,0,7.61,1770771
5,4461,2012,2.9,3157,1.02,22.07,0.62,0.81,0.21,0,3,1,0,7.92,1461342
8,2510,3460,4.1,0,3.53,17.56,0.32,0.51,1.44,1,4,0,1,7.78,2260879
2,2722,1011,2.2,1354,3.01,21.7,0.86,1.08,2.45,0,3,0,0,7.6,250000
5,5919,2235,3.3,3657,3.77,14.87,0.65,0.83,3.74,0,3,1,0,7.61,614379
5,5056,2504,2.7,1698,3.5,23.65,1.59,0.31,3.42,0,5,1,0,7.59,869227
7,2625,3083,5.2,0,2.21,22.88,2.48,0.39,0.7,0,4,0,0,8.35,2801135
7,3629,2930,5,1320,1.08,18.26,1.45,1.22,1.91,0,5,0,0,7.65,1663051
4,5693,1749,2.9,4062,1.02,19.95,0.66,1.52,1.08,0,2,0,0,7.77,250000
5,16600,1526,3,15298,25.79,5.86,12.91,5.1,1.64,0,3,0,0,7.44,1206775
4,6198,2109,2.3,4920,2.85,14.98,0.34,0.51,2.81,0,3,0,0,7.59,420139
6,6709,2766,3.9,3983,3.8,25.96,1.35,0.72,4.08,1,4,0,0,7.78,1040533
9,22880,3700,5.4,19058,15.36,9.77,10.46,7.53,0.68,1,5,1,1,8.06,4987074
5,4023,2384,3.3,2548,1.89,14.79,1.19,0.48,0.44,1,3,0,0,7.74,2108677
5,2125,2018,3,512,0.36,14.98,1,1.23,1.59,0,4,0,1,7.44,1516401
5,6591,2327,3.4,5098,1.36,17.74,1.48,1.75,1.48,1,4,1,0,8.06,991392
6,3916,3270,3.5,1062,1.51,14.64,1.35,1.06,3.97,0,5,0,0,7.52,1841523
10,50796,5373,5.8,45851,13.69,8.42,10.71,5.82,0.79,1,6,0,1,8.32,9445183
7,3094,3067,4.2,0,0.82,21.31,1.16,0.29,0.12,0,3,0,0,7.87,3168200
9,3141,3555,4.9,196,1.75,14.88,1.26,1.27,2.45,0,5,0,0,7.98,2294138
5,4382,2550,2.6,1730,3.99,19.22,1.67,0.82,1.19,0,4,0,0,7.72,1061777
4,4464,1702,2.6,2645,1,19.46,1.88,0.25,0.16,0,4,0,0,7.75,1053975
6,8911,2962,4.4,6578,1.75,20.46,1.79,1.74,1.34,0,4,0,0,7.58,1829069
3,2155,1330,2.8,596,1.43,15.5,1.22,0.63,1.59,1,2,0,0,7.37,359272
3,5872,1182,3,5102,1.62,13.49,0.46,1.37,0.42,0,2,1,0,8.08,304925
10,55097,5990,4.4,49950,26.21,2.15,6.84,2.88,0.82,0,6,0,0,8.31,9949630
5,3259,2422,3.2,880,1.26,18.53,0.86,0.27,1.96,1,3,0,0,7.96,818031
2,5064,1342,1.3,3155,0.45,23.26,2.32,1.34,1.16,0,3,0,1,7.41,292737
3,3035,1590,1.6,1342,1.64,19.21,1.83,0.61,1.5,0,3,1,0,7.54,665096
2,4971,1454,1.9,3899,1.03,12.97,0.62,0.52,0.25,0,2,1,0,7.88,658233
9,35916,4394,5.6,32436,15.13,1.83,13.16,3.16,0.81,0,6,0,0,8.14,6604003
9,28884,3316,5.2,25629,27.38,4.56,8.89,3.33,1.83,0,5,1,0,8.24,4800778
9,51632,3612,4.3,48674,12.82,4.14,10.74,4.04,1.52,0,4,0,0,7.83,6584998
5,6830,2545,3.7,4022,2.4,17.13,1.35,1.36,0.99,0,4,0,0,7.95,2212030
7,3241,2893,3.5,463,2.8,22.78,1.43,1.96,3.01,1,4,0,0,7.93,1227169
3,6322,1103,3.3,4746,1.96,22.17,0.7,0.7,0.38,0,3,0,0,7.84,250000
7,5161,3478,4.3,2186,3.16,25.16,1.04,0.67,1.18,0,4,0,0,8.15,2071166
10,45292,6567,6.8,38353,24.2,6,5.92,5.6,1.28,0,6,0,1,8.61,9702638
3,3239,2184,2.2,2095,0.93,23.19,2.33,0.8,0.66,0,4,0,1,8.21,1391097
5,4314,1887,3.3,2675,0.28,13.27,2.14,0.44,0.43,0,3,0,0,7.69,1424724
8,20170,3762,4.4,16394,12.64,4.6,9.78,4.91,0.73,1,5,1,1,8.12,5686283
7,4139,2640,4.1,2227,2.37,19.78,1.41,0.71,2.11,0,5,0,1,7.85,1422966
6,1883,3116,3.8,0,1,19.24,0.48,1.06,1.69,0,5,1,1,7.99,2999951
3,3410,1364,3.2,2464,2.28,21.12,1.79,0.52,0.41,0,2,0,0,7.57,500638
5,5799,1879,3.3,4678,1.46,12.25,0.38,0.72,1.49,0,3,1,1,7.83,1421937
4,6679,1534,3.2,5217,0.9,20.41,1.98,1.4,0.45,0,2,0,1,7.93,848679
10,26369,5890,5.1,21847,18.95,8.72,5.81,7.62,0.52,0,6,1,0,8.3,8464796
6,3343,1922,4.2,2461,2.2,14.69,1.13,1.79,1.53,0,3,0,0,7.87,483978
7,3715,3152,4.3,119,1.11,18.02,2.3,1.1,1.09,0,3,1,1,7.82,3223399
6,5037,3282,3.8,2656,1.61,23.92,1.09,0.3,4.4,0,5,0,0,7.87,1532364
5,3747,1432,3.1,2597,2,25.28,0.75,1.98,2.7,0,2,0,0,7.52,250000
2,5113,1070,3.2,4596,3.35,14.13,1.42,1.81,2.51,1,2,0,0,6.9,250000
3,6786,1228,2,5928,1.49,15.39,0.91,0.67,1.8,0,1,0,0,7.53,250000
2,8385,1016,1.9,7301,3.43,25.38,0.35,0.49,4.36,0,1,0,1,7.47,250000
5,4958,1440,3.5,3801,3.93,24.24,1,1.29,1.8,0,3,0,0,7.5,250000
5,4045,2698,2.9,759,1.26,21.53,1.57,0.58,1.48,0,4,0,0,7.85,2189947
3,8071,1363,1.9,7344,2.71,24.42,1.13,1.49,2.3,0,2,1,1,7.55,250000
7,58198,3883,3.5,54654,17.14,5.36,10.88,2.77,1.5,0,4,0,0,7.88,6543799
7,4798,3162,4.2,2707,0.68,20.18,1.88,0.95,0.25,0,5,0,0,7.84,3407727
7,2496,3093,3.8,0,0.27,14.39,1.07,0.97,1.03,0,4,0,0,7.56,2953860
10,57552,5881,5.7,52055,15.87,0.87,7.17,2.72,1.06,1,6,0,0,7.81,9505483
5,7410,1791,4.1,6010,3.43,17.53,0.91,1.51,3.43,0,4,0,0,7.73,250000
4,6496,2349,2.8,4257,1.15,16.79,0.99,0.76,1.64,0,2,1,1,7.73,980718
10,49630,5699,4.3,44549,13.82,6.51,12.34,4.96,1.33,0,6,0,0,7.9,9180912
3,7606,1425,2,6402,1.31,15.75,1.6,1.15,2.64,0,3,0,0,7.46,250000
4,6704,2304,3.4,4790,2.1,20.52,0.55,1.13,0.57,0,3,0,1,7.85,1939705
6,3073,2690,4.1,317,3.95,24.94,0.9,0.27,2.27,0,4,0,1,7.43,1317328
7,2649,3529,4.6,0,2.08,19.73,0.77,1.43,3.32,1,5,0,0,7.4,2054640
5,5288,2789,3.4,3054,0.69,17.06,2.15,1.33,0.51,0,5,0,0,7.93,2422456
5,5735,2240,3,3450,0.55,14.26,0.71,0.18,1.1,0,4,0,0,7.95,1868271
3,6792,1535,2.5,5571,2.06,15.51,0.41,1.42,4.01,0,4,0,0,7.61,250000
3,5130,1623,2,4102,2.4,12.4,1.58,0.33,1.31,0,3,0,1,7.81,767009
2,5159,1436,1.3,3387,0.48,20.2,1.61,1.16,0.63,0,2,0,1,7.74,416030
6,5214,2986,3.4,2240,0.5,23.62,1.3,1.42,1.25,0,4,0,0,7.71,2786153
3,5146,1354,3.4,4518,0.33,14,2.33,1.25,0.7,0,3,0,0,7.82,552654
7,7860,3578,4.5,4549,1.49,22.3,1.28,1.96,4.45,1,5,1,0,7.65,2363463
6,3414,2653,3.7,1232,2.35,23.29,0.68,1.32,1.35,0,4,0,0,8.04,2048545
3,6080,1441,2.6,4440,1.67,16.86,1.61,0.25,0.13,0,2,1,1,8.11,714552
6,6883,3118,3.6,3488,0.49,15.59,0.52,0.48,1.49,0,6,1,1,7.88,3181099
4,2426,2236,3.1,1096,2.33,17.96,2.15,0.72,1.3,0,3,0,0,7.7,1575947
10,29332,5860,5.4,23885,21.53,8.89,8.11,5.15,1.3,0,6,1,0,8.04,8676199
10,51985,6237,6.6,46252,18.51,7.67,5.44,0.86,0.14,0,6,1,0,8.21,10796162
6,37775,2580,4.1,35113,15.79,6.35,12.3,3.79,0.59,0,2,1,0,7.93,4008662
7,6048,3384,3.5,3144,3.4,19.41,1.35,1.26,2.72,0,5,1,0,8.06,2109163
3,3754,1128,2.3,2418,1.6,17.36,2.01,0.41,0.38,0,3,0,1,7.37,311768
9,2944,3511,5.8,0,1.52,21.78,0.59,1.49,3.72,1,4,0,0,7.53,2314626
5,3263,1846,3.5,1506,0.66,12.24,2.23,1.45,0.68,1,3,0,0,7.39,1475000
7,5803,2765,4.4,3597,1.06,23.37,1.19,1.18,0.92,1,4,0,1,8.26,2687582
9,2315,3497,5.3,0,1.13,15.72,0.22,1.22,4.26,0,5,0,0,7.71,2252463
5,32206,2237,3.5,30289,22.37,1.89,12.72,5.21,0.4,0,3,1,1,7.9,3216796
3,7324,1344,2.1,5846,2.64,20.55,0.34,0.95,3.99,0,3,0,0,7.59,250000
7,5511,2909,3.7,2690,0.4,22.4,1.61,0.28,0.83,0,4,0,1,7.94,2845795
6,4880,3205,3.2,3373,2.48,19.66,0.98,1.72,3.91,0,4,0,0,7.54,1546284
5,6736,1602,4.2,4919,0.51,17.53,0.98,0.15,0.65,1,1,0,0,7.61,1111870
10,17123,5372,5.1,12442,12.34,4.31,11.76,3.24,1.17,0,6,1,0,8.23,7285393
8,2819,3071,5.2,0,2.44,16.52,2.33,0.86,0.56,0,5,0,1,7.96,3267109
4,4240,1393,2.7,3570,1.85,18.51,1.41,1.17,1.27,0,3,0,0,7.66,250000
4,4464,2021,3,2507,1.6,23.35,1.58,0.86,0.19,0,3,0,0,7.72,1361749
5,6930,1029,3.9,5382,0.44,12.63,1.68,0.18,1.52,0,2,0,1,7.48,375779
10,7187,5895,5.8,1967,24.61,3.11,5.36,1.85,1.43,0,6,0,1,7.98,8798832
3,41114,1906,2.3,38554,27.17,2.73,7.37,3.7,0.2,1,2,1,0,7.59,2562352
7,5952,2527,3.2,3734,0.56,16.4,0.53,0.98,0.31,0,4,0,1,8.06,2460363
10,54275,6551,5.2,48155,13.52,5.53,11.41,6.25,1.25,0,6,0,0,8.21,10364840
6,6413,2725,3.7,3815,3.51,16.59,0.39,1.73,1.55,0,4,0,1,7.77,1393584
4,6639,1665,3.3,5304,2.09,24.12,0.51,1.69,2.97,1,2,0,1,7.32,250000
4,6749,1635,2.5,4914,2.18,22.58,1.07,0.22,1.33,0,1,0,0,7.34,842477
5,7700,1941,4.1,5843,2.57,22.05,0.63,0.7,4.27,0,3,0,0,7.39,259906
3,6744,1840,2.4,4734,1.22,12.63,0.38,1.1,1.01,0,3,0,0,7.82,1061405
5,7807,2086,3.1,5968,1.22,17.28,1.77,1.27,3.48,1,3,1,0,7.86,495141
5,2641,2211,2.6,897,1.72,19.64,0.93,1.25,2.25,0,4,1,1,7.95,577496
10,54051,4763,5.7,50014,20.48,0.47,6.47,4.11,1.29,0,5,0,1,8,7266648
6,4091,2871,4.1,1572,1.74,22.59,0.75,1.32,0.2,1,3,0,0,7.77,2850007
3,4009,1787,2.2,2706,2.3,21.14,1.41,1.48,0.89,0,2,1,1,8.13,875517
3,5958,1298,2.1,5036,1.38,20.35,0.63,0.24,3.53,0,2,0,0,7.12,250000
10,16327,4846,5.5,12480,18.49,0.6,7.47,2.71,1.4,0,6,1,1,8.17,7273288
3,4547,1192,2.3,2857,1.52,17.79,1.67,0.11,0.43,0,1,0,0,7.35,325584
8,13054,3482,4.6,9995,12.41,2.37,11.8,2.25,0.25,1,5,1,0,8.16,5016271
7,33458,2704,3.8,30812,25.53,7.33,13.81,1.92,0.53,1,5,0,1,7.77,3973764
4,8240,2196,2.8,6333,2.82,16.26,1.49,1.94,1.94,0,5,0,0,8.18,545447
5,5757,2540,3,2897,0.98,12.64,1.96,1.44,0.51,0,4,0,1,7.52,2270061
4,2240,1204,1.8,972,3.64,14.93,1.33,1.86,1.95,0,2,0,0,7.5,250000
7,3797,2865,5.4,364,1.9,15.27,0.56,0.45,1.67,1,5,0,0,7.78,2733796
10,22651,6269,4.9,17901,24.23,2.63,4.36,1.53,1.48,0,6,0,0,8.44,9007910
7,6001,2494,4.3,4095,1.43,20.39,1.21,0.29,1.23,0,4,0,0,7.89,2311936
3,8284,1696,2.1,6525,2.23,24.78,1.63,1.43,4.01,0,2,0,0,7.63,250000
6,3603,2617,3.3,945,2.24,21.08,1.03,1.14,0.36,0,4,0,1,7.53,2485302
5,5788,2704,2.6,2966,1.7,24.37,0.69,1.45,1.06,1,4,0,0,7.83,1289749
4,6701,1924,1.9,5976,3.43,17.54,1.11,1.54,2.33,1,4,0,0,7.79,250000
4,28416,1900,3.4,26303,19,2.46,6.91,6.36,0.24,0,3,0,1,7.68,2653700
4,6654,1693,2.3,5095,0.49,18.76,2.38,0.11,0.5,1,4,0,0,7.77,1037883
2,2250,903,1.7,1180,1.18,22.04,1.56,1.5,0.59,0,1,1,1,7.82,250000
7,2387,2901,4.1,0,1.63,13.98,1.25,0.5,1.35,0,4,0,0,7.9,2740101
10,49475,6163,5.4,43905,20.81,8.29,7.04,3.67,0.7,0,6,0,0,8.16,9634923
7,5146,3079,4.9,2194,3.22,19.12,0.73,0.77,3.71,1,4,1,0,8.35,1442046
6,58152,2606,3.7,56482,24.98,2.13,6.14,5.67,0.87,0,3,1,1,7.85,4206375
3,4915,1065,1.6,4185,0.64,23.18,2.3,1.19,0.13,0,2,0,1,7.24,250000
5,2734,2230,3.8,464,2.4,18.04,0.48,0.97,0.68,1,3,0,1,7.61,1792563
7,8614,3423,2.9,4805,1.62,18.3,0.44,1.12,2.61,0,5,0,0,7.92,2011283
9,32086,3730,4.9,28054,27.65,2.17,6.15,2.9,0.43,1,6,0,0,8.33,5807663
4,3896,2393,2.7,1736,1.78,19.66,1.01,0.23,0.83,0,5,0,1,7.68,1954759
3,7390,1355,2.3,5930,1.69,24.59,0.23,1.55,2.66,0,3,0,0,7.54,250000
4,6759,2377,2.7,4307,0.82,13.52,2.15,0.61,1.22,0,4,0,0,7.86,1937937
5,8096,2487,2,5744,20.59,9.36,12.35,6.87,0.68,1,4,0,1,7.71,2589831
3,2464,1486,2,816,3.49,23.2,0.76,0.88,2.87,0,3,0,1,7.5,250000
4,5688,2167,2.6,3122,2.06,23.52,2.04,0.95,0.94,0,4,0,0,7.61,1592337
7,4596,2426,3.8,2940,1.98,16.74,1.72,0.31,1.69,0,4,1,0,7.65,2216592
10,19336,6438,5,13541,26.57,9.44,9.2,5.68,1.58,0,6,0,0,8.59,8293338
3,4419,1320,3.1,4325,1.48,19.65,1.52,1.13,0.67,0,2,0,1,7.51,515132
6,6601,2485,3.6,4421,0.41,16.28,1.6,1.27,0.17,0,4,0,0,7.89,2312101
7,5546,3012,3.9,3263,1.08,14.3,1.44,1.37,1.47,0,4,0,1,7.69,2799512
5,3246,1646,3.2,1929,2.37,15.39,1.31,1.04,0.38,0,3,0,1,7.75,1024639
5,6655,2556,3.5,4392,1.91,14.63,1.27,0.96,1.41,0,5,0,1,7.61,2451922
7,6955,2849,4.1,5081,1.16,24.32,0.93,0.67,1.85,0,4,0,1,7.61,1730877
5,3789,2065,2.1,2520,3.34,23.25,0.56,1.86,3.07,0,5,0,0,7.63,250000
6,5784,3045,3,3671,2.37,16.43,0.6,0.83,0.29,0,4,0,0,7.61,3047892
7,6047,2858,4,3394,3.81,24.95,1.71,0.64,1.46,0,4,0,0,7.7,1485532
7,8108,2721,4.3,5856,2.3,23.83,1.65,0.42,2.86,1,4,1,0,7.78,1511630
2,2543,1114,1,857,3.16,19.33,0.61,0.54,3.34,1,1,0,0,7.67,250000
6,2292,2644,3,0,1.55,18.84,0.42,0.3,1.16,1,4,0,1,7.51,2391096
10,14560,4130,5.2,9891,17.83,6.47,5.29,3.9,0.62,0,6,0,1,7.99,5712974
4,6734,1466,2.4,5569,1.38,17.79,1.85,0.2,0.43,0,2,1,1,7.37,1001075
6,2059,1518,2.5,528,1.67,18.4,2.38,0.65,1.28,0,1,0,1,7.56,712252
3,5902,1438,3.3,5197,3.28,25.82,1.71,0.55,4.06,0,3,0,0,7.21,250000
10,42406,4946,4.6,37884,13.59,6.12,5.21,1.37,1.1,0,6,1,1,7.97,8575457
3,6875,1558,2.3,4920,1.12,19.8,0.35,1.23,1.01,0,3,0,1,7.29,821651
7,5282,3133,4.8,1528,0.52,19.17,1.23,0.73,0.53,0,5,0,1,7.97,3184671
4,3962,1979,1.9,1897,0.98,13.21,0.98,1.03,1.23,0,3,1,0,7.68,1288524
3,5124,1073,1.7,4207,0.42,19.74,1.05,1.09,1.05,0,1,0,1,7.28,250000
5,3137,2003,3.8,549,0.98,22.97,1.11,0.62,0.75,1,4,0,1,7.2,1695143
2,6738,1033,1.9,5416,3.61,19.36,0.75,0.45,2.54,1,3,0,1,7.45,250000
7,4761,2881,4.2,2491,0.29,12.87,2.17,0.4,1.24,0,4,0,1,7.83,2822731
5,21403,2740,3.9,19616,24.59,0.75,7.69,4.44,1.16,0,5,1,0,7.92,3204407
10,43870,5819,5.5,38275,17.62,4.17,7.94,2.18,0.22,1,6,1,1,8.68,8903153
4,6488,2169,3,4537,1.57,20.09,1.05,1.66,3.57,1,5,1,0,7.87,420002
2,5681,919,2.7,5849,0.5,18.97,1.87,1.38,1.3,0,2,0,0,7.65,250000
10,12348,6945,4.9,5955,15.35,0.32,13.97,2.82,1.37,1,6,0,1,8.04,9660070
7,2730,2974,4.4,153,1.05,14.94,1.29,0.55,1.37,0,5,0,0,7.95,2872016
6,6486,2627,3.6,3846,1.27,19.24,1.02,1.48,1.23,0,4,0,0,7.43,2416043
5,5384,2084,3.7,3985,0.58,15.84,1.6,0.2,0.35,0,4,0,0,7.99,1729115
5,4631,1721,3.3,3965,2.93,22.31,1.59,0.82,3.69,0,5,0,1,7.53,250000
3,5480,1244,1.6,4454,3.3,22.97,0.7,0.75,3.93,0,3,0,0,7.6,250000
2,2056,971,1.6,798,1.43,21.14,1.48,1.28,0.16,1,2,0,1,7.66,250000
2,8530,1014,2.3,7045,3.24,24.84,0.42,0.37,2.49,0,2,0,0,7.64,250000
2,5259,1081,2.1,3852,1.55,13.97,1.92,0.52,0.89,0,3,0,1,7.54,250000
5,5692,1503,2.9,4925,2.22,22.7,0.73,0.96,0.25,0,4,0,0,7.67,888544
2,3893,1844,2.5,1164,2,14.31,0.75,1.65,4.14,1,3,0,0,7.22,250000
6,5192,2572,3.9,2797,0.1,23.24,0.66,0.43,0.55,0,3,0,0,7.39,2532520
5,3942,2573,3.1,2745,1.18,22.28,2.38,0.57,1.05,1,3,0,1,7.41,2462889
7,4216,2788,3.6,1371,1.57,21.99,1.39,0.27,0.12,0,5,0,0,7.73,2708444
2,2088,1356,1.2,912,0.12,19.53,1,1.46,0.43,0,3,0,0,7.56,262959
4,4178,2164,2,2236,2.23,13.26,2.11,0.39,0.77,1,3,0,0,7.81,1599632
7,3952,3301,4.8,1504,2.73,16.65,0.63,1.65,1.15,0,5,0,0,7.69,2222072
5,3937,2390,3.5,2055,1.81,14.14,0.48,1.42,0.54,0,4,0,0,7.77,1960988
5,4644,2236,2.8,2764,2.09,21.69,1.64,0.5,2.33,0,4,1,0,7.68,699125
10,34610,5148,5,29775,25.31,1.67,4.39,7.13,0.7,0,6,0,0,7.87,7876775
6,33877,2261,3.2,31683,26.75,7.62,11.32,5.91,0.48,1,2,1,0,8,3089808
5,3753,1712,3.8,1238,1.94,15.4,0.64,0.58,2.59,0,4,0,0,7.99,250000
6,5321,2676,3.9,2199,1.24,19.41,1.3,1.35,0.95,0,4,0,0,8.05,2361517
3,5139,1465,2.3,3358,0.36,21.53,0.52,0.48,1.55,0,3,0,1,7.79,482855
3,3549,1439,2.2,1954,1.25,18.62,1.69,0.46,1.71,0,1,0,0,7.77,314519
10,19498,4813,5.4,15725,21.36,3.82,8.86,3.06,0.37,1,6,1,0,8.63,6457051
10,34744,6470,5.7,29772,13.33,2.07,8.41,5.01,1.65,1,6,0,0,7.88,9642088
3,3847,1446,2.6,2806,2.59,17.48,1.21,0.41,3.29,1,4,0,0,7.48,250000
7,35105,3012,4.4,32508,13.92,7.09,10.45,3.49,1.91,1,3,0,1,7.66,4685677
3,4818,2046,1.7,3044,3.35,25.55,0.4,0.96,2.68,0,3,0,1,7.6,250000
3,5118,1563,2.1,3729,0.67,20.77,0.39,0.23,0.11,0,3,1,0,7.61,881209
5,3447,2458,3.5,631,0.79,18.93,0.44,0.37,0.79,0,4,0,0,7.69,2061748
10,6855,4524,5.7,2642,18.07,5.16,9.63,3.06,0.66,0,6,0,0,8.15,6946578
5,4150,2733,3.4,2189,1.52,13.16,1.51,1.08,1.45,0,5,0,0,7.53,2531676
6,8410,3074,4,5668,3.76,25.74,0.22,1.32,2.44,1,5,0,0,7.5,1843676
2,6933,1890,2.1,5058,1.32,14.84,1.14,1.14,3.6,0,3,1,1,7.88,250000
4,29829,1501,2.5,28664,13.19,5.2,13.69,5.79,0.23,0,3,0,1,7.53,2099145
2,3661,1105,1.8,2708,1.6,16.14,0.74,0.95,2.78,0,2,0,1,7.62,250000
8,3090,2810,4.5,1170,1.62,19.29,0.3,1.69,1.44,0,4,0,0,7.76,1610147
9,7538,3136,4.8,4795,2.66,16.16,0.95,1.94,3.64,0,5,0,0,7.56,1929446
3,6026,1205,3,3924,0.66,17.44,1.44,1.17,0.86,0,1,0,0,7.5,318927
5,5079,2339,3.3,2581,1.51,21.95,1.56,0.66,2.72,1,4,0,0,7.79,754898
7,6264,3101,3.3,3016,1.3,23.18,1.58,0.85,0.87,1,3,0,0,7.9,3145647
10,14093,4602,5.3,10142,16.06,2.44,4.12,1.74,0.69,0,5,1,1,8.11,6181855
5,5132,1852,4.2,3794,0.75,14.48,1.74,0.68,0.41,0,4,0,0,7.45,1646157
10,23819,6788,4.1,17349,26.42,2.85,12.04,7.97,0.58,0,6,0,1,8.19,9757385
8,6645,3486,4.7,2720,1.01,16.98,1.68,1.88,3.52,0,5,0,0,7.89,2151314
7,6886,3187,3.8,3898,1.43,14.04,1,0.69,0.63,0,5,0,1,7.63,3574952
8,6771,3024,3.4,4027,1.2,22.15,1.3,0.69,0.37,1,4,0,1,8.13,3107057
3,4402,1354,2.9,3350,3.66,19.65,1.6,1.25,3.36,1,1,0,0,7.55,250000
6,3909,2463,4.1,1673,0.26,19.12,2,1.26,0.39,0,4,1,1,7.58,2408349
3,3816,1560,2.3,2860,0.74,22.33,0.45,1.05,0.39,1,2,0,0,7.88,635615
10,33706,5156,6.7,29211,25.56,0.29,8.03,7.33,1.51,1,5,0,1,8.04,7764703
7,4975,2787,4.2,2495,1.75,21.68,1.6,0.95,4.19,0,4,1,0,8,1212921
5,1981,1841,3.4,0,0.79,21.71,2.06,0.74,1.13,0,3,0,0,7.49,1168348
2,3653,1512,2,1310,2.24,16.73,1.13,0.87,2.57,0,2,0,0,7.91,250000
5,3112,2765,3,770,2.37,13.63,1.39,0.4,0.2,0,5,0,1,7.9,2479908
6,4845,1626,3.9,3427,0.31,14.68,0.71,0.7,1.22,0,3,0,1,7.53,1212195
5,3166,2060,2.6,1786,1.89,18.04,0.45,1.11,1.47,1,3,0,1,7.67,1464237
2,5719,1406,1.5,4729,1.03,22.39,1.89,0.67,0.47,0,2,0,0,7.64,417508
4,2267,2259,2.8,350,1.54,17.03,1.25,0.18,0.98,0,3,0,0,7.58,1628295
2,4358,945,2,2925,1.71,18.28,2.28,0.33,1.47,0,2,0,1,7.66,250000
4,6863,1430,3.8,5328,1.95,16.07,0.61,1.3,0.63,0,1,0,1,7.73,761232
3,3898,1215,2.3,3244,1.32,13.52,1.35,1.17,0.54,0,3,0,0,7.57,314197
3,6198,1696,2.2,5176,1.67,20.51,1.59,0.6,1.08,0,2,0,0,7.45,866100
9,5678,3453,5.2,2820,1.13,20.04,1.13,1.86,1.17,0,5,0,1,7.7,2753818
4,6585,1982,2.5,4857,0.17,20.28,1.36,0.27,0.46,1,5,1,1,8.18,1434477
7,4582,3384,3.8,909,1.4,22.06,0.21,1.86,1.39,0,4,0,0,8.04,1974586
6,7129,2815,3.7,4388,1.93,15.2,0.64,1.7,4.43,0,4,0,1,7.76,1185037
10,46794,4798,5.9,42321,22.03,6.45,10.29,4.79,1.97,0,6,0,0,7.93,8050113
2,5784,1099,2,4489,2.85,23.94,0.45,1.27,3.08,0,2,0,0,7.16,250000
8,4852,3245,3.8,2331,3.79,17.64,1.58,1.61,4.26,0,4,0,0,7.9,1532547
10,38897,6178,6.4,33579,16.23,5.29,8.51,0.88,1.16,0,6,0,1,8.11,9686137
4,4682,1656,3.8,3471,1.83,19.73,1.03,1.16,1.2,1,3,0,0,7.52,962744
7,4213,2339,4.2,3107,1.5,25.73,0.37,1.88,4.2,0,3,0,0,8.11,446993
3,3708,1093,2.2,3041,0.23,15.04,0.46,0.25,1.48,0,2,0,0,7.78,250000
4,6984,1879,3,5530,0.94,20.52,1.1,1.27,0.87,0,4,0,0,7.59,1312154
7,4771,3092,4.2,1793,1.34,21.83,1.5,0.16,0.64,0,5,0,1,7.92,3197783
4,4423,1968,3.6,1505,0.71,18.06,0.37,0.28,1.61,1,3,0,1,7.48,1461426
4,4243,1661,2.1,2377,1.91,15.95,0.6,0.66,1.77,0,3,0,0,7.53,780491
3,6670,1770,2.1,4794,1.48,21.5,1.01,1.1,0.33,0,3,1,0,7.43,1276258
6,4273,2286,3.8,2441,2.47,23.25,2.2,1.34,0.9,0,3,0,1,7.76,1967916
6,5838,2170,3.7,3000,1.69,15.87,1.36,0.96,0.79,0,3,0,0,7.68,2009446
3,4380,1289,2.7,2905,0.4,23.19,1.63,1.02,0.78,1,3,0,1,7.51,441845
7,3209,2867,4.8,623,0.18,12.91,0.9,0.38,0.49,0,4,0,1,8.03,3006002
8,2200,3480,5.5,0,3.44,24.85,0.23,1.88,3.83,0,5,0,1,7.73,1960216
6,7585,2516,2.7,5757,3.73,25.3,0.3,0.92,1.08,0,5,1,1,8.08,1163976
6,5631,1995,3.7,4461,0.39,23.14,1.3,1.13,0.72,1,2,0,0,7.7,1618851
3,3556,1800,2,2184,1.13,21.6,0.6,0.75,3.7,0,3,0,0,7.74,250000
6,8417,3060,4.5,5198,16.48,1.63,6.89,3.03,1.09,0,5,0,0,7.78,3634064
4,44962,1894,2,44149,25.54,7.38,10.11,6.71,0.87,0,5,1,1,7.88,2722937
7,11319,2885,3.7,8497,19.92,8.5,9.05,6.19,0.36,0,3,0,1,8,3068782
3,5986,1751,2.2,4102,1.66,20.7,0.76,1.34,1.15,1,2,0,1,8,833037
6,2899,2355,4,1065,2.44,15.73,1.31,1.04,1.02,1,4,1,0,8.05,1987453
6,2207,2713,4.3,0,2.11,13.95,2.18,1.06,0.98,0,3,0,1,7.85,2591378
3,16356,1680,2.7,13906,25.98,0.94,6.47,5.81,0.88,0,4,1,1,7.75,1409756
7,8654,3596,2.6,5674,1.71,22.72,0.8,0.21,1.03,0,4,0,0,7.92,2310116
2,4444,1262,2.2,4190,1.71,21.05,0.54,0.75,0.22,1,4,0,1,7.75,354245
10,21412,6128,5,16421,18.92,8.32,12.23,2.16,1.43,0,6,0,1,8.04,8310457
8,2503,3523,4.4,0,3.15,17.88,0.71,1.01,3.19,0,5,1,0,8.17,2011296
4,5625,2020,1.7,4160,2.05,23.46,2.34,1.37,0.97,0,3,1,1,7.73,1351936
5,3314,2313,2.9,932,2.03,22.79,1.67,0.11,0.42,0,4,0,1,7.67,1727793
2,6771,1394,1.9,4751,1.34,20.83,1.53,1.4,0.74,0,3,0,0,7.67,396198
5,3485,2221,3.5,1450,3.16,20.35,0.83,0.78,3.14,1,3,0,1,7.57,583633
8,28593,3869,3.9,24086,22.15,7.79,4.34,5.07,0.45,0,5,0,0,8.06,5424558
6,6721,2587,4.5,4564,1.63,19.74,2.12,0.25,0.96,0,5,0,1,7.76,2602900
4,27716,1973,2.4,25369,12.98,0.7,7.8,3.23,1.46,0,3,1,1,7.74,2468978
3,5913,2073,2.3,3766,0.41,20.87,1.17,0.47,0.74,0,2,0,0,7.74,1376123
10,49947,4164,5.9,46257,15.29,7.42,11,2.57,1.82,0,6,0,0,8.2,6644612
5,3518,2269,2.9,1026,2.19,12.57,1.15,0.32,1.28,1,3,0,0,7.71,1751802
2,4387,1344,1.4,2931,2.13,22.07,1.45,1.16,3.06,0,2,0,0,7.73,250000
5,3934,1683,3.6,3346,1.12,17.67,1.39,0.29,1.77,0,3,0,0,7.73,250000
2,4438,1657,1.7,2510,1.32,12.29,0.99,1.25,1.04,1,2,1,0,8.01,709621
4,4670,1431,3.1,2868,1.88,18.38,2.08,1.19,0.47,0,2,0,0,7.38,735941
7,19919,2668,4.5,18416,19.69,5.09,6.15,2.76,0.42,1,4,0,1,7.7,3835519
4,2453,1218,2.1,1579,1.9,17.64,2.02,1.14,1.13,0,3,0,1,7.55,250000
7,4358,2667,4.2,2246,0.63,15.23,0.83,1.49,0.44,1,3,1,0,7.81,2800733
5,3991,2726,2.4,1724,1.22,18.45,2.49,0.66,1.15,0,4,0,0,7.77,2201738
4,3115,2090,3.7,1061,0.14,15.17,1.43,0.9,1.67,1,3,0,1,7.81,1561320
4,34814,2033,4,32280,25.25,2.67,11.77,7.69,1.42,0,2,1,1,7.82,2439552
10,31688,4405,5,27895,24.34,6.68,8.09,7.25,0.41,1,6,0,1,7.96,6281045
10,25854,4710,6.1,21671,20.06,6.53,13.73,1.2,1.19,0,6,0,1,8.16,7051583
2,43420,1428,2,42361,18.85,2.14,13.11,2.06,0.64,0,2,0,0,7.72,2239959
3,4742,1741,1.9,2951,2.35,12.66,1.78,1.35,1.47,1,3,0,1,7.69,890447
3,7850,1108,2.2,6353,1.07,18.48,0.44,1.21,4.21,1,4,0,0,7.41,250000
5,6324,2291,3.1,5262,1.57,18.38,0.5,0.72,1.8,1,3,0,1,7.43,1979489
3,3521,1521,2.1,2789,1.33,17.28,1.43,1.04,0.76,0,2,0,0,7.95,533066
4,5940,2279,2.7,4532,2.7,22.59,0.38,1.55,1.48,1,3,0,0,7.38,817435
10,53002,4526,4.5,48834,17.2,3.08,4.33,6.67,0.96,1,6,1,1,7.88,7453748
4,3531,1305,3.2,2524,1.56,17.72,2.2,0.14,1.19,1,3,0,0,7.52,499078
2,2721,966,2.3,2001,2.28,12.1,1.92,0.31,1.65,0,3,1,0,7.5,250000
6,13602,2659,4.4,11113,20.93,7.69,10.19,2.47,0.1,0,5,0,0,7.84,3599623
2,3142,987,2.7,2509,1.5,14.76,0.63,1.02,1.26,0,3,1,0,7.65,250000
5,6888,2253,4.1,4470,1.44,19.87,1.39,0.14,1.14,0,4,0,0,7.77,1913674
7,4863,2558,3.6,2197,0.68,14.02,2.44,0.96,1.77,0,3,0,0,7.7,2401285
3,2693,1136,2.6,2275,1.57,13.13,1.96,0.13,0.52,0,2,0,1,7.73,250000
3,2468,1038,2.3,2356,1.36,21.79,1.11,1.2,1.11,0,1,0,0,7.51,250000
8,18972,2969,5.1,15107,12.85,8,8.17,2.45,0.54,1,4,0,0,7.82,3807181
5,5728,1364,2.7,4958,2.54,16.91,0.49,0.32,3.67,0,3,0,0,7.46,250000
6,53234,2355,4.1,50800,14.18,6.38,7.01,0.93,1.79,0,3,0,0,7.51,4053002
4,5900,1285,2.9,5019,0.17,19.55,2.45,0.56,0.3,0,3,0,0,7.87,521791
2,20061,1503,2,18667,20.73,7.13,11.9,2.19,0.6,0,3,0,1,7.85,1328489
4,4640,1392,2.7,3402,1.24,15.82,0.89,1.45,0.37,0,2,1,0,8.03,603852
6,8608,3140,2.7,5763,1.13,19.65,0.84,0.76,2.58,0,5,0,0,7.36,1783809
6,6613,2807,3.1,3996,0.36,13.3,1.24,0.24,1.15,1,6,1,0,8.1,2666815
10,18727,6486,6.4,12124,16.95,9.77,6.81,7.66,0.2,1,6,0,1,8.17,8764988
6,4355,2907,4.1,833,1.81,18.96,0.5,1.07,0.38,1,4,0,1,7.92,2779893
9,29469,4133,5,25477,26.84,5.31,8.88,4.96,1.41,0,6,1,1,8.31,5774426
4,4928,2295,2.8,3544,0.98,22.85,1.41,0.75,1.8,1,4,0,1,7.81,1658449
5,16484,2131,4.3,15670,27.61,8.71,12.93,7.18,1.13,0,3,0,0,7.55,2140079
2,6859,1252,2.3,5883,0.75,19.09,1.64,0.32,1.45,1,2,0,0,7.87,250000
5,4131,2282,4.3,1953,0.89,21.37,2.15,0.55,1.53,0,4,0,0,7.96,1687909
10,52061,6848,5.4,45823,16.27,7.22,7.94,5.67,1,0,6,0,0,8.19,10314660
6,3675,2737,4.6,1117,1.36,18.87,2.18,1.23,0.32,0,4,0,0,8.02,2615474
7,2057,2852,3.6,0,0.12,23.25,1.68,0.55,0.52,0,3,0,0,7.64,2803346
8,29314,3937,3.6,25726,20.21,7.19,6.74,1.68,1.16,0,6,0,1,7.98,6258945
5,8140,2124,3,5309,2.24,23.17,1.13,0.33,4.12,0,3,0,0,7.6,332251
6,7417,3354,3,5303,2.23,25.44,1.58,0.73,1.56,1,6,0,0,7.74,2159046
10,12364,6766,5.4,7156,13.46,2.46,4.47,5.88,1.72,1,6,0,0,8.26,9426482
4,6952,1986,3,5456,1.43,18.36,1.01,0.21,1.62,0,4,0,1,7.74,1482287
5,2819,2232,2.7,997,1.58,16.5,1.26,1.84,2.41,1,4,0,0,7.57,590115
7,4459,3037,4.3,1776,2.2,13.61,0.68,0.6,0.59,1,5,0,0,8.37,3083858
5,3695,1958,2.4,1903,2.09,25.51,0.91,1.56,3.63,1,4,0,0,7.6,250000
4,6660,1894,3.3,4426,1.39,17.35,1.54,0.76,0.18,0,3,0,1,7.59,1481305
6,1873,2675,4.5,0,2.2,19.37,0.71,0.5,0.91,0,3,0,0,7.72,2414469
10,16423,6343,4.8,10808,24.95,9.69,8.78,6.04,0.8,0,6,0,1,8.25,8355624
7,6689,2653,3.6,4328,2.43,12.45,0.93,0.37,0.12,1,3,0,0,7.66,2561145
4,5097,1738,3.6,3204,2.15,21.08,1.64,0.61,0.46,0,3,0,0,7.17,1326095
6,8165,3256,3.9,4691,2.35,14.18,0.88,1.29,2.95,1,5,0,0,7.72,1926680
8,3743,3068,4.5,296,2.89,21.05,0.77,1.07,3.09,0,4,0,0,7.87,1613245
5,6787,2056,2.9,5454,2.3,20.48,1.89,0.22,0.47,0,3,0,0,7.37,1656293
7,11235,3367,3.4,8445,25.4,0.85,13.42,7.9,0.27,0,6,1,0,8.14,4243647
7,8250,2821,3.8,5482,1.61,19.16,0.99,0.3,4.34,1,4,1,0,7.68,1415339
5,3128,2065,3.8,1069,2.42,18.9,2.26,1.01,0.91,0,4,1,1,7.85,1580095
6,5054,2725,3.8,2224,0.77,18.68,1.86,0.29,1.48,0,4,0,1,7.3,2697813
4,5035,2246,2.7,3741,0.77,22.92,0.97,0.73,1.02,0,2,0,0,7.89,1546461
2,6249,1111,1.7,5324,2.1,16.33,1.65,0.31,0.21,0,1,0,1,7.34,273006
7,5019,3190,3.7,1399,1.69,14.07,1.24,0.56,4.12,1,5,0,0,7.79,1658146
7,4801,2908,4.1,1549,2.17,16.46,0.76,1.19,0.84,0,5,0,1,7.91,2805804
7,2220,2912,3.2,0,2.16,16.84,1.85,0.88,1.55,1,4,0,0,8.14,2600875
7,3832,3077,5,1951,0.69,20.02,1.93,0.73,1.69,0,5,1,0,7.74,3076021
6,2024,2901,4.2,0,1.73,19.93,1.65,1.29,0.92,0,5,0,0,7.86,2580593
7,2072,3082,4.2,0,1.64,22.52,1.79,0.6,0.97,1,4,0,1,7.93,2990225
9,2486,3358,4.8,0,2.45,19.52,1.11,0.47,2.64,1,5,0,0,7.87,2133807
7,4705,2854,3.7,2681,1.12,18.64,0.85,0.5,1.08,1,3,0,0,7.73,1705575
4,49908,1587,2.7,48254,13.46,0.68,7.35,4.47,1.11,0,3,0,0,7.51,2664961
6,59792,3245,4.8,57082,18.11,6.26,11.18,3.62,1.82,1,5,0,0,7.41,5590655
6,7819,2901,3.8,5289,3.97,17.27,1.6,1.58,2.27,0,5,0,0,8.11,1364739
10,56124,4361,5.8,51640,24.06,4.51,11.46,2.27,0.81,1,4,1,0,8.37,6967819
5,3303,1806,2.9,621,3.7,22.26,1.78,1.58,4.3,1,3,1,0,7.33,250000
4,6127,1613,2.6,4301,2.36,14.16,1.76,1.04,0.53,0,4,0,0,7.49,1009476
10,44772,6684,5.5,38999,23.1,9.42,9.55,5.12,1.96,1,6,0,1,7.96,10792263
3,6332,1399,1.3,5827,1.62,21.46,0.41,0.68,3.92,0,1,1,1,7.48,250000
4,3796,1226,2.4,1860,1.8,19.93,0.4,1.27,0.52,0,1,0,1,7.59,303317
6,5454,3068,3.9,4267,0.74,17.28,2.05,0.95,0.29,1,5,0,0,7.95,3108303
4,4015,1330,3,2986,1.96,17.69,1.07,0.61,1.55,0,2,0,1,7.39,479153
4,4984,1908,2.6,3333,1.84,22.74,1.78,0.39,1.69,0,3,0,0,7.79,1005981
6,47113,2870,3.9,45411,15.92,9.66,4.08,7.13,0.48,0,4,0,1,7.82,4532676
3,5255,1392,2,2431,1.14,14.37,1.51,0.26,0.14,1,3,1,1,7.61,844442
4,6725,2287,2.7,4567,1.49,14.78,0.4,1.42,0.63,1,4,0,0,7.38,2021549
4,6268,1828,2.6,4473,1.06,14.04,1.14,1.32,0.72,0,4,0,1,7.61,1320677
6,6595,2628,3.2,4384,1.52,21.23,1.24,1.16,0.73,0,4,1,1,8.08,2381563
5,6571,1935,4,4268,1.89,17.6,0.8,0.38,0.82,0,4,0,1,7.69,1574834
6,2683,2401,2.7,444,1.57,21.45,0.86,1.17,1.27,1,3,0,1,7.47,2002595
5,5641,2036,3.1,4481,1.36,19,0.32,0.38,2.46,0,3,0,0,7.63,476347
4,25712,1961,3,23964,22.78,0.28,8.75,2.19,1.29,0,4,1,1,7.68,2630888
5,3723,2154,3.4,1649,2.45,23.98,1.63,0.95,1.06,0,3,1,0,7.51,775624
6,52944,2731,3.3,50715,13.3,6.35,7.36,5.64,0.16,0,4,0,1,8.17,4461176
5,4971,2570,3.4,1810,0.85,21.95,1.63,0.64,1.05,0,3,0,0,7.73,2194776
5,5892,2156,3.1,3374,1.41,12.64,1.18,0.48,1.8,0,4,0,1,7.58,1672726
5,2019,2276,2.9,189,2.15,16.58,1.93,0.98,0.74,0,4,0,0,8.04,1664353
6,6159,2178,3.5,4207,1.76,23.66,0.48,1.36,0.31,0,4,0,1,7.78,1834654
5,5264,2102,3.5,3852,2.53,25.34,1.08,1.92,1.63,0,4,1,1,7.52,723231
10,29329,5927,4.6,23871,16.21,0.24,8.95,1.52,1.53,1,6,0,1,8.18,9193859
6,11884,2804,4.7,9216,26.31,7.21,10.4,5.58,0.89,0,5,1,1,7.72,3381615
3,5212,1786,2.1,3558,2.11,23.4,2.07,0.63,1.44,1,3,0,0,7.51,962507
2,6573,1221,1.8,5835,1.42,15.29,0.44,0.17,0.3,1,2,0,1,7.43,439744
5,6441,2252,3.1,3853,2.2,25.83,1.51,0.98,3.55,0,2,0,0,7.44,503843
6,6426,2300,4,4840,2.38,23.99,1.12,0.52,1.56,1,2,0,0,7.52,1919979
2,6509,985,1.6,4738,0.63,15.71,1.66,0.85,0.47,1,2,0,0,7.42,250000
5,4101,2484,3.2,1395,3.32,25.14,0.62,0.8,2.62,0,3,1,1,8.08,729420
10,12343,5262,5,8992,18.54,2.22,8.03,1.35,1.42,0,6,0,0,7.95,7538241
4,5493,1380,3.3,3744,0.84,17.7,1.29,1.09,1.16,0,2,0,1,7.52,652811
3,2022,1461,1.1,921,0.37,18.4,2.19,1.13,0.47,1,3,0,1,7.68,501529
5,4045,2358,3,1552,0.72,12.63,0.32,0.13,0.11,0,3,1,1,8.03,2004906
7,7151,2733,4.1,4627,3.61,24.44,1.13,0.97,3.25,0,3,0,0,7.4,1251566
4,59720,2043,2.5,59243,23.62,0.71,4.3,1.56,1.93,0,4,1,0,7.84,3613133
7,5908,2781,4,3421,0.8,16.08,2.36,0.33,0.17,0,4,0,1,7.79,2918437
5,1864,2265,3.7,15,2.23,20.05,2.46,0.19,1.64,0,5,0,0,7.82,1680477
10,6801,5931,6.2,1448,27.02,7.94,5.3,1.39,0.14,0,6,1,1,8.74,7743103
6,32493,2613,2.8,30962,14.72,0.2,11.18,1.6,0.56,0,3,0,0,7.53,3774650
6,6458,2491,4.1,4156,0.39,12.78,2.44,1.05,0.81,0,5,0,1,7.5,2552718
10,55406,6939,5.4,49147,25.98,9.98,6.45,6.86,1.66,0,6,1,1,8.16,10680616
3,28468,1923,1.9,27604,19.75,1.09,5.29,2.53,1.73,1,3,0,0,7.82,2274024
10,42637,6742,4.8,37087,20.18,9.16,13.68,6.9,0.69,0,6,0,1,8.22,9994584
2,5037,1264,1.9,4617,2.17,17.37,2.32,0.76,0.57,0,1,0,1,7.7,265497
2,5202,1084,2.4,4603,0.68,21.28,1.46,1.4,0.83,1,2,0,1,7.88,250000
7,58609,3861,4.2,55270,12.97,7.54,9.65,4.02,0.69,1,6,0,0,7.97,7037468
3,5042,1723,2,4080,2.13,17.44,1.9,0.23,0.77,0,2,0,0,7.61,961968
7,4735,3090,4.6,758,2,18.94,1.72,1.4,0.83,0,4,1,0,7.94,3150135
7,2363,2987,3.4,674,2.74,21.51,0.28,0.58,1.26,0,5,0,0,7.56,1722823
6,6340,2608,3.5,3593,1.68,16.88,0.88,1.47,1.46,0,5,0,0,7.55,2438684
6,59763,1829,3.2,58025,19.57,8.06,11.89,6.27,0.76,1,3,1,0,7.54,3582383
3,2390,1162,2.4,851,0.93,21.15,1.64,0.24,1.55,0,3,0,0,7.47,250000
6,3139,2751,3.2,1057,2.79,17.53,0.22,0.34,2.37,0,6,0,0,7.79,1246936
4,4664,1949,2.6,2423,3.64,14.47,1.78,1.4,3.38,0,3,1,0,7.57,250000
4,6979,2597,3.2,5325,2.53,19.21,1.15,0.62,4.29,0,4,0,0,7.8,743537
2,5766,1057,3.1,4383,0.13,22.78,1.58,0.59,0.5,0,4,0,0,7.49,250000
5,2818,2016,2.5,935,1.98,17.83,1.04,0.22,1.04,1,2,0,1,7.91,1369857
10,34894,5866,5.6,29442,21.53,3.28,9.61,4.64,1.66,1,6,0,0,8.38,8068594
4,6605,1079,3.3,5500,2.33,20.49,1.03,0.65,1.36,1,1,0,0,7.76,250000
5,21792,1856,3.1,21387,12.18,4.39,8.1,7.92,0.99,0,3,0,1,7.32,2437686
3,8391,1712,3,7415,2.52,25.5,0.48,1.5,3.15,0,2,0,0,7.64,250000
3,4854,1362,2.4,3253,2,21.4,0.55,1.38,0.43,0,2,0,1,7.73,421786
6,3574,2422,3.2,1177,1.22,21.74,0.64,1.21,0.21,0,4,0,0,7.89,2072174
6,4212,2682,4.2,2185,0.91,19.6,0.41,0.95,0.36,0,4,0,0,7.9,2484688
10,9452,5402,5.1,4917,20.44,9.03,7.13,4.93,1.05,0,6,1,0,8.33,7368071
7,8125,3151,5,4506,2.08,21.2,0.45,1.16,1.81,1,4,0,0,7.73,2083328
3,13710,1966,2.2,12928,13.8,5.82,11.81,3.44,1.96,1,3,0,1,7.8,1778333
10,8649,6365,5.1,3113,21,2.67,13.55,4.28,0.73,1,6,0,0,8.23,8709163
7,43528,3127,3.9,39471,26.03,7.86,4.15,6.68,0.67,0,4,0,1,7.64,4557140
4,2511,2168,3.5,286,1.55,20.47,1.8,0.51,0.66,0,3,0,1,7.65,1679871
3,5642,1387,1.8,5172,1.04,12.77,0.8,1.21,1.47,1,3,0,0,7.7,423549
5,6909,2430,2.6,4562,2.4,14.42,2.2,0.55,1.78,0,5,1,0,7.74,2070352
8,41001,3663,4.3,37477,12.26,6,4.13,0.81,1.27,0,5,0,1,8.13,6126802
4,2264,1081,3.3,1759,1.12,23.35,0.78,0.46,0.27,0,2,0,0,7.84,250000
6,6844,2657,4.1,4815,3.64,21.03,1.45,0.65,3.37,0,5,0,0,7.31,1297970
3,4617,1792,1.9,3332,0.34,21.62,2.31,1.16,1.5,1,2,0,1,7.38,1055108
2,2192,972,1,1904,1.77,17.26,1.51,0.88,0.57,0,2,0,1,7.41,250000
3,41059,1858,2,39732,14.17,1.73,10.3,6.09,1.73,0,3,1,0,8.14,2499825
5,5554,2765,3.1,3388,1.09,20.96,1.19,1.05,1.4,1,3,0,0,7.69,2305055
7,3015,2593,4.8,0,0.12,18.47,2.05,0.47,1.13,1,3,0,0,7.79,2375065
5,3552,2632,4,1237,0.81,21.16,1.94,0.44,1.34,1,3,0,0,7.61,2452758
4,7192,2339,2.8,5498,3.44,22.67,1.18,0.47,3.93,0,4,1,0,7.69,598680
4,2623,1286,3.3,1512,1.69,18.61,0.57,0.26,0.22,0,2,1,1,7.88,546425
10,50741,4590,4.7,46849,16.9,2.33,7.27,5.33,0.43,1,5,1,1,8.1,8824906
3,6452,1472,2.2,5207,0.32,21,0.69,0.62,0.15,1,2,0,1,7.54,791925
3,5027,1866,1.7,3733,1.57,21.14,1.5,0.98,1.69,0,4,0,0,7.39,998810
9,47165,4096,5.2,42792,22.88,8.99,5.36,2.6,1.13,0,5,1,1,8.2,6566786
10,31977,5175,5.7,26943,18.96,5.68,4.58,5.81,0.2,0,6,0,0,7.78,8257991
2,1813,1133,2,1117,2,23.54,1.24,0.82,0.35,0,2,0,0,7.45,250000
3,2702,1759,1.9,1233,1.1,15.61,1.74,1.39,0.78,0,4,0,0,7.71,885565
10,10531,4293,5.2,6377,15.6,4.23,12.77,4.6,0.74,0,6,0,1,7.48,6260597
4,7497,1884,2.7,5762,1.54,21.02,1.26,1.48,4.09,0,3,0,0,7.65,250000
10,35861,4136,6.1,31502,13.82,1.02,7.4,3.04,1.91,1,6,0,0,8.12,6500576
10,6592,6363,5.7,1011,16.34,0.58,12.48,7.02,1.23,0,6,1,1,7.86,8948488
4,2581,2317,1.8,1633,3.61,16.56,0.88,1.89,2.5,1,4,0,1,7.24,671831
5,7081,2451,2.7,4130,1.17,16.04,0.66,0.71,3.36,1,4,0,0,7.7,871475
5,3988,2525,2.5,2097,2.44,22.72,1.05,1.5,0.11,0,5,0,1,7.69,2248327
4,44266,1750,2.7,42473,12.56,1.85,11.28,2.12,1.07,1,3,0,0,7.6,2756434
10,43417,6259,4.9,38453,17.86,0.62,13.74,0.92,1.9,0,6,1,1,8.33,10464712
5,6881,2239,2.9,4367,2.18,23.44,1.79,0.87,0.11,0,3,0,0,7.85,1913218
5,5099,2804,3.5,2748,1.13,19.69,2.4,1.28,0.82,0,4,1,0,7.97,2539341
7,1969,2788,3.3,26,0.76,21.56,0.93,0.37,1.76,1,6,0,0,7.7,2522671
6,8664,2626,3.1,5800,3.45,21.84,1.54,1.9,1.96,0,4,0,1,7.55,1358651
3,3652,1291,1.3,2164,0.36,22.88,2.49,0.33,0.19,0,2,0,1,7.38,429163
4,58355,2372,2.9,56504,15.57,5.35,4.91,3.94,1.21,0,4,1,0,7.89,3942551
2,1916,1294,2.8,364,1.46,20.44,0.75,1.04,0.41,0,2,0,1,7.94,250000
4,20192,1653,2.2,19236,12.03,3.64,6.41,1.25,0.44,0,4,0,0,7.43,2037727
5,6911,2384,4,4630,2.3,18.65,1.55,0.59,3.57,0,2,0,0,7.61,740921
10,18725,6637,6.5,11671,27.28,9.6,12.38,3.42,0.24,0,6,0,0,8.54,9512880
6,8432,2633,3.4,6616,3.52,15.78,1.57,1.42,1.6,1,3,0,0,7.71,1420549
7,3942,2547,4.6,1061,0.36,15.25,0.4,0.71,1.51,0,5,0,0,7.64,2509717
2,3326,1386,2.5,2690,0.74,13.14,1.06,0.15,0.42,0,3,1,0,7.76,594662
5,2697,2283,3.5,727,1.81,15.8,1.49,1.07,0.82,0,3,0,1,7.68,1916656
4,3019,2125,2.7,363,0.37,18.59,0.3,0.55,0.47,0,3,0,1,7.86,1628115
9,56323,4271,5,52981,16.89,4.7,5.87,5.38,1.05,0,6,1,0,7.8,8138266
6,2544,2283,3.7,1260,1.89,17.91,1.74,0.53,2.09,1,3,0,0,7.88,753441
6,3404,2463,3.7,1490,1.46,17.24,1.49,0.38,0.83,0,3,0,1,7.68,2265099
4,3783,1719,3.5,2017,0.99,15.82,1.67,0.33,1.54,0,3,0,0,7.81,941805
10,40260,5679,4.7,35382,13.34,1.78,11.33,3.91,0.95,0,6,0,0,8.21,8759719
4,2718,2162,1.7,351,1.25,12.55,0.32,1.48,1.22,0,3,1,0,7.69,1481397
10,53466,5626,6.1,48032,26.94,2.36,12.36,5.77,1.75,0,6,0,1,8.12,8161299
4,6792,1671,2.9,5475,1.97,22.26,1.26,0.63,1.37,0,3,0,1,7.74,903965
3,8275,1447,1.8,7353,2.26,23.99,0.23,0.4,4.47,0,3,0,1,7.38,250000
4,4899,1476,2.7,3176,0.9,17.66,0.36,0.23,1.27,0,3,1,0,7.54,777539
3,6252,1285,2,4610,0.74,17.35,1.87,0.63,1.68,0,3,0,0,7.85,250000
5,4882,2038,3.2,2611,2.37,20.97,1.91,0.16,1.03,0,3,0,0,7.73,1497961
6,50881,2979,2.8,47855,20.76,1.02,13.15,3.71,0.85,1,3,1,0,8.18,4753214
4,6424,1404,1.8,4881,1.73,18.99,1.52,1.3,0.27,1,3,0,0,7.59,654982
5,2634,1927,3.2,864,2.8,20.67,0.85,0.97,1.79,0,3,1,0,8.09,250000
7,4306,3128,3.4,345,1.71,13.84,0.59,0.39,1.4,0,4,0,0,7.78,2897386
3,2325,1385,2.7,1063,2.13,22.2,0.57,0.96,2.95,0,2,0,0,7.14,250000
9,38516,3942,5,35173,18.53,5.07,4.4,7.23,2,1,5,1,1,8.46,5616314
5,5687,2237,4.4,3409,2.94,20.69,1.23,1.3,3.52,0,5,0,0,7.67,590626
4,3849,1364,2.8,1751,0.27,21.27,0.85,0.95,1.27,1,2,1,0,7.34,632294
7,30469,3165,3.5,27597,27.06,8.53,12.44,4.49,1.6,0,6,1,0,7.81,4362707
5,21753,2668,3.2,18565,14.07,9.47,11.12,6.14,1.05,1,4,1,0,8,3277249
2,2785,1386,2.3,1278,1.44,21.44,0.99,0.22,0.89,0,3,0,0,7.46,386649
5,50705,2316,2.9,48188,25.94,2.87,4.81,5.53,1.34,0,4,0,0,7.57,3450176
6,4431,3133,3.7,2340,1.55,19.58,0.22,1.07,1.2,0,5,0,1,7.95,1890862
7,56635,3671,3.7,52906,21.1,7.95,10.97,7.97,0.13,1,5,0,1,7.72,6387402
7,5070,2653,4.1,2546,2.2,22.23,2.42,0.91,1.64,0,3,0,0,7.55,2362795
4,3929,1673,3,1705,2.47,21.83,0.39,0.52,1.87,0,3,0,0,7.13,250000
7,5376,3184,4.3,1609,1.05,19.49,2.42,1.26,0.89,0,5,0,0,7.76,3430428
2,3195,1363,2.2,1410,2.75,25.82,0.35,0.71,4.04,0,2,1,0,7.82,250000
4,5014,1958,2.4,3906,1.98,15.71,1.71,1.34,0.78,1,2,0,0,7.55,1375535
6,6579,2441,3.6,5297,0.13,14.46,1.8,1.17,1.53,0,4,0,1,7.65,2210918
10,39404,6094,5.3,34039,20.25,3.89,13.22,1.06,1.73,1,6,0,1,8.27,9802667
6,30129,2370,4.3,28392,12.76,2.62,5.43,4.82,0.45,0,3,1,1,8.02,3392651
10,29185,6225,4.3,23353,14.41,2.93,4.93,2.32,0.55,0,6,1,0,8.48,8651384
10,7889,5708,4.8,2935,23.56,9.65,13.31,6.29,1.09,1,6,0,1,8.08,7561878
6,19959,2994,3.9,17735,27.36,3.92,4.1,2.84,0.33,0,4,1,0,8.28,3695307
6,2265,2400,3.7,519,1.27,21.48,2.32,0.64,1.11,0,3,0,1,7.79,1957630
3,3624,1399,1.9,2381,1.51,16.18,1.75,0.12,0.21,0,3,0,1,7.52,603432
2,3117,1068,2.7,2601,1.46,21.52,0.32,0.54,2.18,0,3,0,0,7.45,250000
10,47606,6809,5.2,41592,20.23,4.84,11.55,7.14,1.93,0,6,0,1,8.29,9936539
4,3021,1848,2.1,932,2.69,16.25,1.48,1.95,1.75,0,4,0,1,7.36,250000
10,43509,5427,6,39125,21,9.75,10.89,7.24,1.43,0,6,0,0,8.15,8821276
3,4619,1550,3.1,2561,0.88,16.22,0.44,1.48,0.15,0,4,0,1,7.74,850978
4,1950,1854,2.6,0,1.14,17.61,1.85,0.53,0.64,1,4,0,0,8.14,1039644
4,4165,1366,3.1,3067,1.47,21.67,1.6,0.94,1.59,1,3,0,0,7.64,250000
4,4381,1987,3.2,2216,0.85,22.44,0.67,0.59,1.42,0,3,0,0,7.6,1321223
6,5147,2193,3.7,3398,3.91,17.55,1.2,0.96,1.21,1,3,0,0,7.76,856482
10,49916,4999,6,45179,19.33,8.67,13.26,0.97,0.2,0,6,1,1,8.41,7296427
5,5868,2346,3.2,3710,1.03,14.02,0.36,0.38,3.47,0,4,0,1,7.91,698956
6,2009,2632,3.9,0,1.12,23.95,0.51,1.3,0.92,1,4,0,0,8.02,2187522
4,7839,2897,2.8,5002,1.63,25.39,0.3,1.82,2.07,0,3,0,0,8.03,1192152
6,8274,2655,3.9,6282,3.07,22.01,0.92,1.44,1.24,0,3,0,0,7.9,1371035
10,6242,4207,5.3,2302,23.28,1.72,10.5,1.41,0.44,0,5,0,0,8.31,5255217
6,5835,2554,3.6,3646,0.4,12.59,2.23,0.21,0.35,1,4,0,0,7.63,2530852
2,2488,1162,1,945,0.68,15.68,2.42,0.91,1.78,0,2,1,1,7.44,250000
5,2471,1950,3.1,1026,0.75,16.22,0.51,0.7,1.77,1,4,0,0,7.72,1283660
10,34252,6576,5.8,27935,25.2,8.47,10.73,2.99,0.17,1,6,1,1,8.17,10872766
6,1844,2817,3.6,0,0.31,19.57,1.41,0.84,1.68,0,5,0,1,7.7,2636825
6,7639,2587,4,4970,1.67,21.36,1.21,1.52,3.17,0,4,0,0,7.66,1077927
8,6978,2964,4.2,3672,0.15,22.3,2.32,0.59,1.32,0,3,0,1,7.57,2924088
9,32818,4448,4.3,28713,27.3,8.89,5.69,4.21,1.95,1,6,1,1,7.94,6729520
3,6924,1683,2.9,5839,0.85,22.87,1.59,0.4,1.61,1,3,0,0,7.65,875351
3,3942,1069,2.6,2595,1.07,12.48,2.14,0.39,0.66,0,3,0,0,7.92,250000
10,8687,4335,5.6,4587,12.53,4.79,12.85,3.4,1.87,0,6,0,0,7.26,5921490
10,29421,5800,4.9,24108,27.07,8.79,6.09,4.37,0.76,0,6,1,0,8.62,8328366
3,4980,1451,1.5,3859,2.18,15.93,1.02,0.94,0.41,0,1,0,1,7.51,603872
6,51942,2839,3.8,50030,18.51,5.09,9.33,5.55,0.18,0,4,0,1,7.88,4853875
6,2756,3065,3.7,0,1.38,22.23,1.05,0.57,1.78,0,3,0,0,7.65,2867066
10,15762,4710,5.5,11285,13.44,7.39,13.95,6.7,1.16,0,6,0,1,8.09,6787218
6,5695,2843,3.9,3789,2.17,24.1,1.28,1.46,2.88,0,4,1,0,8.02,1297031
5,5710,1865,2.8,3422,1.83,21.87,0.39,1.78,3.73,0,3,0,0,7.64,250000
10,46929,4860,5.6,41470,24.59,3.48,12.81,5.23,1.66,1,6,0,1,8.24,8066356
6,6918,2836,3.1,3773,1.99,15.96,1.48,0.29,1.02,0,5,1,0,7.83,2813503
6,2765,2660,3.6,136,1.07,22.47,1.45,0.13,1.32,1,3,1,0,7.82,2406220
7,41505,2479,4.8,39280,16.84,1.49,7.83,2.27,1.32,0,4,0,0,7.71,3930416
4,4663,1607,2,3085,1.38,13.61,2.35,1.35,0.42,0,2,1,1,7.95,977799
10,56351,6828,6,50314,14.01,1.77,10.77,4.7,0.14,1,6,0,0,8.02,10149055
8,2918,3578,5.4,447,1.73,16.38,1.04,1.17,2.54,0,5,0,1,7.79,2425450
10,25070,3969,4,21753,27.7,2.15,4.65,6.99,1.75,0,6,0,0,7.6,6068479
9,45950,4414,5.4,41724,13.4,9.28,8.56,3.42,1.3,0,6,0,1,7.99,6920608
4,6106,2446,3.9,2874,2.43,15.06,1.37,0.8,0.51,0,3,0,0,7.62,2071341
7,4440,2493,3.8,1219,1.61,21.65,1.29,0.83,1.48,1,3,0,0,7.6,2110258
6,4813,2736,4.1,1971,1.99,16.37,2.48,0.93,0.78,0,4,1,0,8.1,2706118
9,21366,4623,4.9,16551,13.97,6.96,11.32,1.11,1.38,0,6,0,1,8.09,7181558
6,6641,2478,3.6,4024,0.18,21.83,0.74,0.91,0.89,1,4,1,1,7.72,2393799
4,10076,1784,2.3,8366,20.6,1.77,4.08,3.85,0.36,0,4,0,0,7.76,1491751
5,6314,2020,3.4,4531,1.35,23.37,0.78,1.52,2.8,0,4,0,1,7.39,501071
4,2461,2056,3.3,565,1.45,16.05,0.46,1.42,1.41,0,4,0,0,7.66,1326142
4,4244,2486,3.6,2795,1.45,23.41,0.73,1.26,3.5,1,4,0,0,7.55,793296
6,3939,2287,4.8,2206,2.5,17.92,0.76,0.33,0.17,1,3,0,0,7.71,2231046
10,47527,5139,6.1,42343,25.68,9.4,9.8,2.51,0.86,0,6,1,1,8.08,7996052
3,5627,1528,2.9,3797,1.2,16.06,1.78,1.04,4.04,0,3,0,1,7.5,250000
5,6382,1600,3.5,4661,1.67,17.85,1.11,1,1.71,1,1,0,0,7.88,830781
5,3175,2158,3.7,923,2.07,19.95,1.59,1.6,1.29,1,4,0,0,7.66,706095
2,5398,967,1.9,4548,1.58,13.69,2.38,1.41,0.48,0,3,0,0,7.92,250000
2,4809,1310,1.6,3304,1.73,15.2,1.49,0.44,3.08,0,4,0,0,7.61,250000
5,2382,2211,2.9,0,1.17,16.24,1.1,1.76,4.09,1,4,0,1,7.66,389869
10,9088,4743,4.8,5391,21.1,0.55,9.14,5.19,0.46,0,6,0,1,7.97,6589737
4,3223,1519,3.2,2249,2.07,20.53,2.46,1.1,0.81,1,3,0,0,7.42,816446
4,3952,1867,2.1,1994,2.32,20.35,0.92,1.09,2.05,0,3,0,0,7.63,250000
5,3306,2105,1.9,1543,0.29,13.41,0.69,1.18,0.97,1,2,0,0,7.54,1501019
7,6054,3000,3.5,4007,0.59,18.52,1.7,0.83,0.84,1,4,0,0,7.83,3089035
9,9140,4348,4.6,5452,20.63,8.63,4.98,2.53,0.87,1,5,0,0,7.54,5687253
3,5183,1045,2.1,4645,3.98,20.52,0.96,1.92,1.55,0,2,0,0,7.67,250000
6,8480,3036,4.9,5046,1.54,23.6,1.23,1.4,3.91,0,5,0,0,7.35,1740759
10,26260,4122,4.3,22983,18.51,6.58,7.56,7.74,1.88,1,6,1,1,8.25,5695830
4,6901,1847,2.9,4950,3.36,24.8,0.55,1.33,2.37,1,2,0,0,7.43,250000
6,2691,2828,3.9,1164,0.15,14.8,1.97,0.92,1.43,0,5,1,0,8.25,2618586
3,7876,1086,2.6,7517,1.81,19.64,0.32,1.47,2.38,0,1,0,0,7.96,250000
10,26592,5685,5.5,20857,21.56,9.28,7.98,3.1,1.79,0,6,1,0,8.27,8117748
10,44898,6048,5.7,39075,15.21,8.91,7.22,0.9,1.7,0,6,1,0,8.18,10061676
9,55695,3794,4.9,52702,17.84,8.06,9.29,5.73,1.28,0,5,0,0,7.96,6853648
10,22598,5275,4.9,18201,24.05,1.68,8.01,4.28,0.78,1,6,0,1,8.25,7053783
10,38157,5458,4.9,32746,19.13,0.79,11.98,1.05,1.43,0,6,0,0,7.69,8208301
8,3818,3571,5.6,809,2.5,16.33,0.96,1.76,1.08,0,5,0,1,8.03,2592314
7,7238,3175,4,4682,1.16,23.31,1.18,0.33,2.78,0,5,0,0,8.04,1819863
5,7743,3219,3.9,5456,1.23,18.12,1.3,1.1,1.67,0,4,0,0,7.6,2111493
10,41791,6128,5.6,36140,24.25,3.92,8.79,2.14,0.65,0,6,0,0,8.66,9043184
5,6947,1737,4.7,5508,2.14,18.42,0.59,1.22,1.31,1,2,0,0,7.59,1272588
7,5837,2550,4.8,3521,2.25,17.6,0.28,1.54,3.61,0,5,0,0,7.85,1023327
10,54425,6552,5.1,47517,26.52,5.37,6.19,6.55,0.51,0,6,0,1,8.46,10388629
4,2668,2224,2.6,179,1.21,19.92,2.05,1.15,1.7,0,4,0,0,7.91,1458039
3,6691,1297,2.3,6171,1.87,15.55,1.55,1.54,1.71,0,3,0,0,7.8,250000
5,6032,2913,2.4,3605,1.81,18.23,1.59,0.76,2.91,1,5,0,0,7.89,1303592
8,11859,3799,4.7,8693,19.44,9.78,10.78,3.73,0.15,0,6,0,1,7.75,4956138
10,49699,5996,5,43997,15.12,1.6,4.26,2.51,1.57,1,6,0,0,8.01,9533485
7,4775,2807,4.6,2509,3.45,20.53,0.25,1.31,1.19,1,4,0,0,7.94,1562574
2,6064,922,1.7,5399,0.11,21.12,1.98,1.2,1.68,0,3,0,0,7.62,250000
4,5573,1777,2.8,4588,1.36,18.91,0.25,0.58,2.51,0,5,1,0,7.6,250000
2,4932,1184,2.7,4214,3.3,14.86,1.68,0.29,2.68,0,2,1,0,7.2,250000
5,5705,1681,3.2,3923,1.13,16.84,1.87,1.38,1.23,0,3,0,0,7.53,1083298
7,6529,2825,3.3,4220,1.7,15.2,0.56,0.12,0.28,0,3,0,0,7.67,2845415
7,6468,3153,3.8,3316,1.65,23,1.71,0.15,1.79,0,3,0,0,7.54,2979778
9,49125,3968,4.5,45810,15.2,8.15,5.57,2.32,0.8,0,4,0,0,7.99,6458762
5,18673,2035,3.3,17017,12.85,6.16,11.15,3.48,1.39,0,4,0,0,7.35,2565679
4,5600,1588,2.8,4262,1.19,13.53,2.07,0.89,1.63,1,3,0,0,7.63,827744
2,7460,1390,1.4,6140,2.33,16.12,1.26,0.48,4.16,0,3,0,0,7.47,250000
2,4731,1077,1.8,2628,2.02,23.1,2.22,0.58,0.65,1,4,0,0,7.6,250000
6,2739,2625,3.4,511,0.59,20.25,1.07,0.82,1.69,0,5,0,1,7.69,2232388
4,3178,1409,3.1,1143,0.57,13.57,2.35,0.3,0.45,0,2,0,1,7.56,722084
2,6372,1256,1.9,4691,2.17,15.95,1.11,0.15,0.66,0,2,1,0,7.89,284885
5,3149,2156,2.9,772,0.67,20.15,1.38,1.18,1.71,1,3,0,0,7.53,1531487
7,7581,2492,3.8,5348,1.8,22.01,0.78,1.18,2.71,1,4,1,0,7.74,1214190
7,5219,2901,3.7,3777,2.24,19.72,1.46,0.56,1.77,0,5,1,1,8.25,2752400
2,8354,1011,1.9,6276,1,19.67,0.25,1.95,1.78,0,2,0,0,7.59,250000
10,59642,6822,5.5,53075,19.83,7.02,5.1,3.98,1.64,1,6,0,0,8.19,11611838
9,35594,3538,4.4,33164,24.96,5.93,7.91,1.59,1.8,1,5,0,1,7.96,5430284
10,25116,6982,5.5,18590,18.95,0.44,7.63,1.72,0.33,0,6,0,0,8.42,9584068
10,53280,6305,5.7,47929,14.82,2.8,4.76,6.4,0.23,0,6,1,1,8.38,10449008
5,6893,2022,3.7,5101,3.64,25.76,0.99,0.9,2.65,0,3,0,0,7.89,302704
4,2624,1815,3.1,487,0.65,16.05,2.5,1.26,1.6,1,2,0,0,7.66,947537
2,8243,1989,1.5,6704,3.73,19.3,1.39,1.87,4.18,0,3,0,0,7.34,250000
6,43646,3386,4.7,40396,26.2,9.76,9.58,4.87,0.67,0,5,0,0,8.19,5397546
7,3990,2819,4.4,1741,1.24,23.85,1.27,1.01,0.19,0,3,0,0,7.48,2806627
4,5356,1618,3.1,3906,2.28,20.05,1.72,0.88,0.18,0,3,0,1,7.83,988693
10,18219,6862,5.5,12041,27.92,0.94,13.36,2.88,1.41,0,6,0,1,8.33,9374729
10,49446,6216,6,44076,17.75,3.38,9.17,1.13,1.9,0,6,1,0,8.3,10914199
3,4259,1521,2.2,2462,2.63,19.28,0.82,1.41,3.42,0,3,0,1,7.43,250000
4,5540,1910,3.1,3257,1.99,23.08,1.62,0.36,1.43,0,4,0,1,7.9,1190966
4,2902,2124,2.7,796,0.52,19.62,0.94,1.21,1.47,0,3,0,0,7.76,1357348
2,3493,1443,1.3,2789,2.28,18.03,1.74,0.68,1.17,0,4,0,0,7.98,250000
7,7954,2765,4.3,5587,15.1,5.12,8.3,6.05,0.56,0,4,0,0,7.87,3312007
4,5112,2617,3.2,3171,2.33,19.76,2.43,0.58,0.69,0,4,0,0,7.79,2213329
4,2216,2638,3.3,0,0.12,23.51,1.43,1.48,0.2,0,5,1,0,7.95,2262929
5,3930,2123,2.6,2343,1.17,21.06,1.41,0.94,2.47,0,3,0,0,7.85,368206
5,2012,2446,2.6,0,0.93,12.21,0.85,0.53,1.15,1,3,0,1,8.01,1965108
7,4160,2922,3.5,2012,2.25,14.86,0.74,0.79,1.63,0,5,0,1,8.06,2750520
2,5284,1493,3,3142,0.69,20.58,1.45,1.06,0.56,0,3,0,0,7.86,556170
6,6988,2775,3.8,4397,2.18,18.74,0.61,0.48,3.42,1,5,0,0,7.5,1413396
7,2494,3178,3.8,0,1.51,22.37,0.56,0.32,2.69,0,4,0,0,7.65,1744819
5,3507,1876,2.6,1825,1.4,16.47,2.04,0.16,0.83,1,3,0,0,7.61,1262051
5,2305,1895,4,0,0.91,13.47,0.95,1.34,0.61,0,3,0,0,7.63,1376456
10,29777,4901,5.7,25621,19.85,8.75,9.47,4.26,1.86,1,6,0,1,7.81,8116995
9,2938,3499,5.8,523,3.25,21.57,0.71,0.49,2.43,1,4,0,0,7.85,2463272
8,5713,3579,4.8,2755,1.16,19.89,0.35,0.49,2.34,1,6,0,0,7.97,2507265
7,8340,3362,4.3,6275,2.57,21.3,1.79,0.74,2.14,0,5,0,1,8,2159743
2,3209,1000,2,2535,0.97,16.56,2.07,1.01,0.84,0,1,0,0,7.77,250000
9,17617,4489,5.1,13623,21.63,9.99,6.01,4.57,0.76,0,6,0,0,8.26,6204365
5,6497,2012,2.7,4226,1.48,17.9,1.91,0.89,0.56,0,3,0,1,7.67,1550008
6,41015,3024,3.5,38264,25.53,5.03,8.98,7.83,1.9,1,4,1,0,7.9,4267907
6,1929,2635,3.8,0,0.45,22.43,1.72,0.42,0.37,0,5,0,1,7.93,2508740
3,5014,1686,2.6,3092,0.17,16.74,2.35,0.98,0.24,0,2,0,0,7.5,1078517
10,15467,5783,4.9,10120,22.62,6.9,8.82,5.6,0.25,1,6,1,1,8.67,8036450
5,4365,3007,3,2369,2.39,23.12,0.88,0.43,0.61,1,3,0,1,7.86,2919154
4,2558,1664,3.4,1518,2.92,24.31,1.67,1.1,2.91,0,3,1,0,7.95,250000
2,5932,1321,2.9,4766,2.04,19.34,0.73,0.76,1.26,0,3,0,1,7.62,369425
10,17634,4353,5.9,12635,15.85,7.65,9.64,6.96,1.8,0,6,1,0,7.89,5655222
5,2183,2046,3.5,0,1.29,19.06,1.1,0.96,1.59,0,4,0,0,8.04,1270465
10,48743,6343,6.1,42915,27.48,4.5,13.5,6.01,0.23,0,6,0,0,8.26,9599638
10,17148,4354,6.1,13263,15.26,1.38,9.11,1.37,1.22,1,6,1,0,8.45,6651088
7,6248,2984,4.7,3021,2.14,21.9,1.94,0.99,1.25,1,3,0,1,7.8,2998647
2,43127,1592,1.3,42265,25.23,2.99,8.46,3.05,0.61,0,3,0,1,7.8,2146281
6,6236,2098,3.7,4630,1.59,13.1,1.25,0.42,0.53,0,4,0,1,7.4,2021314
5,4979,2103,3.2,2876,0.12,21.96,1.85,1.03,0.22,0,4,0,0,7.63,1698737
10,8049,6735,5.2,1501,22.63,9.43,6,1.09,1.03,1,6,1,0,8.37,9309219
7,39575,3164,4,37608,14.62,0.59,5.67,4.06,0.57,0,5,0,0,7.81,4995837
4,56729,1841,3,54857,17.58,9.59,4.83,5.43,1.95,1,3,1,1,7.93,3200491
7,7825,2782,4.6,4696,2.6,16.84,1.39,1.05,2.03,1,5,0,0,7.62,1747622
7,51939,3050,3.8,48752,12.12,3.11,6.81,7.21,1.94,0,4,0,0,8.02,5119328
6,6027,2461,3.6,3997,2.23,17.39,2.27,1.31,0.85,1,4,0,0,7.63,2237843
4,7191,1742,3,4990,1.89,19.63,0.23,1.62,2.11,0,4,0,0,7.59,250000
5,11682,2190,3.4,10587,27.64,5.96,9.1,4.57,0.51,1,5,0,0,7.57,2336021
5,1962,2081,2.7,220,0.3,17.63,2.35,1.11,0.23,0,4,1,1,7.81,1715824
4,6385,1836,3.2,4344,2.71,16.84,0.43,0.87,3.59,1,3,0,0,7.41,250000
2,8731,1233,2.3,7510,3.05,25.55,0.68,1.75,4.27,1,2,0,0,7.31,250000
10,45232,6511,5.9,38992,23.69,8.32,11.46,5.34,0.91,0,6,0,0,8.27,9302222
4,5962,2014,3.2,3459,1.48,13.77,1.01,0.67,1.47,1,4,1,1,8.01,1535642
7,6959,3492,3.5,3825,2.79,21.64,1.56,1.41,3.57,0,4,1,0,7.76,2132023
10,39215,5303,5.9,33689,16.71,5.58,10.34,5.04,1.84,0,6,0,0,7.93,8896626
6,5761,2815,3,2959,2.44,19.7,1.32,0.53,0.48,1,4,0,0,7.76,2588554
3,4572,1125,1.9,2075,2,18.8,1.89,0.69,0.75,0,3,0,1,7.67,250000
5,5412,1778,3.3,4002,0.42,22.34,1.65,0.6,0.15,0,3,0,1,7.53,1380396
6,6360,2895,3.3,3227,3.28,23.25,1.26,0.59,2.41,0,4,0,0,7.85,1381763
10,15755,4729,5.9,12206,18.83,3.48,9.66,6.43,0.14,0,6,1,0,8.3,6174188
6,4006,2033,3.8,2030,2.16,18.28,1.1,0.45,0.79,0,3,0,0,7.58,1671246
4,6443,1604,3.3,5476,3.16,20.57,0.91,1.66,1.85,1,3,0,0,7.91,250000
8,2267,2808,5.4,0,0.24,14.03,2.05,0.1,0.58,0,5,0,0,7.98,2915217
3,3803,908,2,3448,1.57,12.36,1.41,1.23,1.03,0,1,0,1,7.74,250000
9,19862,3888,5.5,15881,22.55,4.51,10.97,5.36,0.32,0,6,0,0,8.08,5269678
3,6045,1587,2,4044,3.75,16.29,1.47,1.94,3.54,1,3,0,0,7.7,250000
4,4405,1705,3,3011,1.95,19.47,1.35,1.19,0.5,0,3,1,0,7.62,1119978
10,44015,5619,5.5,38149,13.05,7.68,11.75,5.64,0.65,0,6,0,0,7.67,9376220
7,6472,3397,4.2,3397,1.54,17.55,1.76,0.87,1.08,0,4,0,0,7.87,2366612
3,8296,1382,2.3,7124,1.69,15.29,0.42,1.12,2.12,0,2,0,0,7.53,250000
2,3818,1235,1.9,2363,0.65,19.42,0.45,0.75,1.14,0,3,0,0,7.58,250000
5,43281,2214,2.3,41880,21.46,8.94,11,1.87,1.75,1,4,1,0,7.85,2998514
6,6312,2247,4.2,5262,3.8,16.89,0.64,1.86,1.27,0,4,1,0,7.71,1039789
6,6754,3447,4.5,3461,3.22,20.49,1.69,1.06,2.96,0,5,0,1,7.77,2174948
5,4881,2217,3.5,3646,3.72,25.17,1.63,0.45,3.98,0,4,1,0,7.9,398611
5,8027,2420,2.6,6084,2.23,15.29,0.83,1.52,4.22,1,3,0,0,7.41,755629
5,6294,2720,3.3,4576,3.7,23.41,1.45,1.87,4.46,0,4,0,0,7.6,909326
5,2349,2584,3.7,0,0.87,15.18,1.74,0.88,0.72,0,4,0,1,7.75,2307117
7,47936,3233,3.8,44283,22.53,1.42,9.07,0.93,0.84,0,3,0,1,8.13,4970777
5,4001,2197,3.4,3100,2.38,13.31,0.37,0.95,1.71,0,3,0,1,7.67,1764483
5,6549,2185,2.4,4206,2.37,14.2,0.48,1.08,3.88,1,3,1,0,7.54,564255
6,22330,2737,4.1,20086,21.09,8.38,5.93,5.91,0.22,1,4,1,0,8.62,3555386
2,6073,1049,2,4414,3.13,22.55,0.38,1.23,2.99,0,3,0,0,7.52,250000
10,14466,6176,5.4,8422,23.24,7.79,6.82,2.87,1.82,1,6,1,1,8.24,8766264
4,5828,1860,2.5,4209,2.43,20.83,0.33,1.33,0.27,0,4,0,0,7.48,1247760
4,8323,1798,2.2,6498,1.56,24.06,1.39,1.88,1.58,0,5,0,0,7.47,275862
4,5268,1867,2.7,3428,1.91,18.93,0.24,1.4,3.96,1,2,0,0,7.33,250000
4,5569,2308,3,3234,0.39,13.96,1.71,1.24,0.69,1,5,0,1,7.57,2013272
10,44736,6071,5.5,38881,12.21,3.67,11.43,1.36,1.18,0,6,1,0,8.43,9606893
5,4866,2882,3.1,1755,3.73,14.3,0.92,1.3,2.11,0,5,1,0,7.87,1414545
4,3037,2226,3.7,1206,2.88,24.18,0.57,1.67,1.82,0,3,0,0,7.43,615985
5,1852,1985,3.5,0,1.13,14.81,0.42,0.7,1.44,0,2,0,1,7.52,1503371
4,6982,2169,2.6,4912,1.78,16.88,1.5,1.42,0.38,0,3,0,0,7.93,1580680
3,3815,1682,2.6,1321,2.47,19.03,0.67,1.65,2.69,0,3,0,0,7.84,250000
5,39786,2231,3,38160,22.88,1.23,12.72,4.52,0.83,0,3,0,1,7.47,3321086
7,4971,3018,4.5,1653,0.36,14.53,1.11,1.23,0.56,1,5,0,0,8.05,3056824
9,33926,4604,5.8,30390,14.08,8.44,11.87,5.53,0.99,0,6,0,0,7.65,7818455
5,5757,2122,3.2,4143,0.26,16.42,2.25,1.16,0.65,1,2,0,0,7.5,1781500
3,5134,1048,2.2,3605,1.86,18.47,0.74,0.86,0.41,0,2,0,1,7.05,251374
5,44265,1584,3.6,43307,16.74,8.74,4.18,4.73,1.48,1,4,1,0,8.13,2396012
8,20700,3316,5,17890,26.89,5.87,5.79,5.58,1.98,0,4,1,0,7.94,4120287
7,5519,3101,5.1,3460,1.76,22.64,1.3,1.18,1.53,0,5,0,1,8.17,2990932
6,6703,2422,3.5,4801,3.64,19.39,0.3,1.72,3.36,0,4,0,1,7.25,916684
8,2228,2952,5.3,0,2.19,23.97,1.59,1.15,0.44,0,5,0,1,7.76,2860694
7,8400,3146,4.4,5395,2.35,18.65,0.58,0.87,1.39,0,4,0,0,7.59,2134630
4,3774,2332,2.9,1593,0.37,15.76,1.22,0.32,0.96,1,3,0,1,7.85,1954079
6,2745,2479,2.4,1180,2.49,17.61,1.89,0.79,0.83,1,3,1,0,7.85,2146472
5,5579,1601,3.7,4061,0.23,16.48,1.89,0.56,1.17,0,3,0,0,7.84,933569
6,7176,3111,3.2,4615,3.35,22.19,0.9,1.97,2.99,0,5,0,1,7.68,1640234
3,5233,1659,2.6,3626,2.21,13.29,0.38,0.39,0.59,0,3,0,0,7.99,889737
10,46922,5156,5.4,43113,19.19,8.93,10.23,7.93,1.66,0,6,1,0,8.54,8222868
2,4991,1020,2,4942,0.34,20.42,1.11,1.04,1.51,0,2,0,0,7.62,250000
2,4370,1272,2.5,3710,3.15,17.6,0.47,0.47,2.1,0,2,0,0,7.44,250000
4,5291,1966,2,3276,2.09,13.19,0.62,0.53,1.4,1,3,0,1,7.7,1399321
2,5142,1257,1.4,3985,1.09,19.55,2.02,1.06,1.24,1,2,0,0,7.16,259739
6,7875,2715,3.5,5320,1.18,25.49,0.44,1.54,3.23,1,5,0,0,7.3,1309958
4,6267,1976,3,4875,0.61,23.22,2.05,0.18,1.8,1,2,0,0,7.81,1187493
5,2342,2461,2.6,1236,1.97,18.01,1.1,0.7,0.76,0,4,0,1,7.99,1946813
10,48043,6756,5.2,41970,16.26,2.82,12.89,6.36,1.86,0,6,0,0,7.93,11296210
4,3479,1289,3.5,3193,2.36,15.84,1.03,1.28,1.2,0,3,0,0,7.6,419184
4,5763,2106,2,3990,0.13,20.83,1.91,0.33,1.73,0,3,0,1,7.72,1416655
2,2577,1132,2,1822,3.65,24.09,0.75,1.31,2.71,1,3,0,0,7.83,250000
6,3849,2277,2.9,2547,1,16.5,0.59,1.42,1.38,0,3,0,1,7.87,1710018
4,3511,1917,2.5,1585,0.56,17.4,0.65,0.88,1.23,0,5,0,1,7.47,1317003
3,6014,2207,1.5,4109,0.36,16.47,0.83,0.82,1.53,0,4,0,1,7.31,1711605
10,53622,5598,5.4,48598,20.6,4.73,5.85,3,1.57,0,6,0,1,7.89,9861125
4,4957,2632,3.9,2369,3.31,20.58,1.06,0.36,2.44,1,5,0,0,7.58,1130045
7,4196,3098,4.2,1289,0.85,22.83,0.8,0.37,0.98,0,3,0,0,8.03,2877299
7,58011,4192,5.2,54345,21.85,3.48,10.78,4.14,0.93,1,5,1,1,7.94,7269154
6,2522,2927,3.5,0,1.9,21.09,1.73,0.81,0.35,1,5,0,0,7.75,2727420
2,5442,1162,2.2,4164,2.09,21.13,0.71,1.11,1.24,0,2,0,1,7.39,250000
7,2896,2671,4.2,725,1.98,21.59,1.53,0.51,4.26,0,3,0,0,7.78,938311
5,2944,2299,3.1,750,1.6,17.27,1.37,1.44,1.35,1,4,0,0,8.13,1666364
6,7825,3165,3.7,4399,3.55,23.64,0.98,0.89,3.91,1,5,0,0,7.79,1633418
10,46995,4753,5,43298,27.38,2.08,13.43,3.69,1.1,0,6,0,1,8.04,7679511
10,15527,5441,4.9,10994,21.89,1.1,5.13,1.58,1.48,1,6,1,0,7.76,7541655
6,23866,2852,3.5,21827,23.89,3.73,12.47,3.16,1.43,1,4,0,1,7.83,4074524
7,3107,3020,4.1,992,2.32,21.59,2.46,1.23,0.12,1,4,0,1,8.06,2997383
8,4085,3383,4.3,1078,2.16,20.04,0.73,1.39,4.48,0,4,0,0,7.55,1805172
6,4851,2417,4.3,3309,0.14,14.9,1.25,0.56,1.6,1,3,0,1,7.8,2294976
3,5678,1376,2.1,4597,1.97,21.65,2.11,0.76,0.43,0,3,1,1,8.19,441304
10,45765,6820,5.7,39493,13.84,5.89,10.92,7.21,1.76,0,6,0,1,8.32,10629337
5,2169,2033,3.2,852,0.31,15.14,0.58,0.41,0.28,1,4,0,1,7.89,1622408
9,4086,3288,5.5,1296,2.62,24.87,0.26,0.92,4.32,0,5,1,0,7.8,1843206
2,5870,1269,2.2,5089,2.44,15.78,1.24,0.48,1.08,0,2,0,0,7.86,250000
8,6419,2992,4,4204,0.35,23.89,0.95,0.22,0.11,1,4,0,1,7.78,3060477
4,5887,1782,1.7,4265,3,21.74,1.12,0.4,2.67,0,4,0,1,7.59,250000
5,4218,2197,3.9,2234,2.5,19.73,1.83,0.79,0.7,0,4,0,0,7.58,1733892
3,5561,1074,2,4845,2.85,18.94,1.67,1.1,3.48,0,2,0,0,7.42,250000
10,29540,6918,5.9,23236,12.91,7.23,9.81,4.4,1.94,1,6,0,1,8.04,10601653
3,3501,2071,2.4,2209,1.51,14.26,0.54,1.17,2.69,0,4,1,0,7.56,392905
6,6300,2792,3.2,3675,0.4,16.49,1.75,1.01,1.56,0,4,1,0,7.76,2574249
5,5975,1789,3.8,4775,0.59,12.78,0.47,1.16,0.86,0,4,0,0,7.59,1311643
6,2342,2962,3.9,60,1.51,23.21,1.06,1.05,0.45,0,4,0,0,7.94,2869625
10,7374,5366,4.8,1697,17.29,1.97,9.1,4.44,0.36,0,6,0,1,8.12,7674307
3,42377,1786,2.3,40588,13.88,9.18,10.3,6.87,1.81,0,2,0,0,7.54,2146423
7,5151,3056,3.9,2505,0.36,13.19,2.18,0.81,1.4,0,5,1,1,7.87,3203607
4,4801,1509,2.2,3181,1.69,19.3,0.54,1.02,1.67,0,1,0,0,7.6,505357
6,4809,2402,3.8,2819,2.14,18.32,0.94,0.7,1.63,1,4,0,1,7.5,1163072
7,4771,2629,4.7,1885,1.91,21.42,0.64,0.29,4.19,0,4,0,1,7.97,1014352
6,3199,3105,4.7,0,0.74,15.56,0.73,0.28,0.5,1,5,0,0,7.72,3211272
10,45813,6451,5.4,40641,15.78,4.67,5.84,3.47,1.09,0,6,1,1,8.43,10948185
5,5321,2539,2.8,2401,2.46,18.5,0.9,1.06,1.76,0,4,0,1,7.7,2022267
10,57472,6919,4.7,51898,18.75,9.51,4.35,6.17,1.32,0,6,0,1,8.1,10767755
3,5564,1455,3.2,3687,3.2,18.34,0.5,0.8,2.97,1,3,1,0,7.68,250000
7,8964,3590,3.7,5151,3.57,14.77,1.73,1.3,3.8,0,5,1,0,7.83,2243845
3,53631,1581,1.3,52265,24.03,6.62,11.68,4.36,1.98,0,3,0,0,7.61,2286705
7,7050,3002,3.6,3456,2.91,16.85,1.6,1.52,3.6,1,5,0,0,7.75,1609626
7,2635,2961,4.1,242,1.53,21.9,1.5,0.41,0.67,0,4,0,0,7.66,2899421
7,2258,2877,5.1,274,1.52,22.83,1.81,1.46,0.97,0,4,0,1,7.9,2660537
6,4833,2458,3.9,2862,2.49,12.37,0.5,0.21,0.78,0,4,0,0,7.85,2268695
4,4510,1988,3.4,3202,3.87,14.77,1.44,0.76,1.14,0,4,0,0,7.88,451673
6,2287,3344,2.6,0,2.64,24.42,1.61,1,2.78,0,5,0,1,8.03,1649226
7,24917,3482,3.9,21817,23.59,5.1,9.71,5.93,1.58,0,4,0,0,7.38,4741135
2,5073,1739,1.7,3497,3.71,16.22,1.29,1.86,2.89,0,3,0,1,7.51,250000
5,4167,2682,3.4,1401,1.16,12.33,1.86,1.34,0.97,0,3,1,0,7.8,2392457
4,5041,1912,2.7,3897,1.04,18.78,0.83,0.21,0.14,1,3,0,1,7.84,1402671
4,3885,1832,3.2,2403,0.34,23.71,0.6,0.58,0.64,1,2,0,0,7.37,1267574
10,59002,5962,5,53518,17.04,4.15,6.42,7.21,1.84,0,6,0,0,8.2,10459897
6,6996,2256,3.9,4566,1.73,20.19,2.16,0.11,0.47,0,5,0,1,7.44,2250725
10,35802,5827,5.4,30096,15.43,3.57,12.75,1.16,1.07,1,6,0,0,8.24,8508256
7,6405,2637,4.1,4078,1.53,12.13,2.24,0.72,1.68,0,4,0,0,7.67,2495796
4,6438,1747,3.4,4539,1.84,12.99,1.6,0.77,1.76,0,3,0,0,7.77,997668
6,7307,2340,4.1,5064,1.26,22.82,1.53,1.83,3,0,3,0,0,7.82,797776
5,2104,2156,4.1,142,1.78,23.98,1.09,1.35,0.75,1,3,0,1,7.9,1576079
10,47872,4339,6.1,43470,16.55,8.13,5.86,2.89,0.45,0,6,1,0,8.47,6643833
4,2489,1833,2.9,291,0.65,14.93,2.26,0.84,0.92,0,3,0,1,7.72,1101766
8,5251,3244,3.8,2125,3.61,19.65,1.76,0.34,1.01,0,6,0,1,7.92,2217737
3,6264,1528,2.7,5237,2.28,22.35,1.06,0.23,4.34,0,3,0,0,7.7,250000
2,2131,1051,2.3,2002,0.2,16.91,1.88,0.39,1.2,0,3,0,1,7.56,250000
2,4214,1075,1.8,2368,1.43,15.94,0.57,0.75,0.11,0,2,0,0,7.48,250000
8,5792,2432,4.6,4158,1.3,17.61,1.39,0.71,0.77,0,4,0,0,7.29,2661235
10,43604,6432,5.2,37791,23.35,9.72,10.36,7.74,0.4,0,6,0,1,8.48,9308558
7,54436,3033,4,50505,17.23,3.84,7.95,1.52,1.55,0,5,0,1,7.83,5000996
5,1892,2171,2.7,0,1.49,17.12,0.46,1.35,1.14,0,3,0,1,7.78,1502468
2,6722,1065,1.8,5058,1.27,19.17,0.84,1.18,1.17,1,2,1,0,7.33,250000
9,56238,3409,4.9,52741,24.89,5.08,7.97,7.56,1.07,1,4,1,1,8.07,5267080
6,23210,2299,3.9,21357,20.17,4,5.6,7.2,1.98,0,4,0,0,7.4,2725832
4,4555,1529,2.9,3553,2.01,12.1,2.15,1.44,1.32,0,3,0,1,7.92,712204
5,3649,1898,3.7,2127,0.73,14.07,0.61,0.61,0.94,0,2,1,1,8.06,1397045
5,1879,2488,3.5,0,0.34,13.39,1.94,0.48,1.17,0,4,0,0,7.37,2155769
6,8118,3040,4.2,5592,2.59,15.23,1.34,0.85,1.3,1,4,0,0,8.12,1887241
8,4885,3091,4.2,1781,0.73,22.91,2.39,0.48,1.38,1,5,0,0,7.87,3096564
10,29535,4405,5.8,25083,16.47,1.8,8.82,4.14,1.09,1,6,1,1,8.14,5981062
7,3520,2793,4.6,1501,3.71,15.96,0.34,1.53,1.96,0,4,1,0,7.83,1510309
4,6428,1975,3.2,4700,2.14,15.93,1.05,1.35,0.82,1,4,0,0,7.68,1463259
5,2696,2579,3.6,151,0.54,16.16,1.76,0.77,1.36,0,4,0,0,7.8,2183497
5,38350,2754,3.1,35973,17.24,3.33,7.26,5.65,1.11,0,4,1,0,7.63,4197242
5,8444,2530,2.9,6610,24.03,7.15,6.89,1.25,1.73,0,4,1,1,8.18,2519922
4,18377,2204,2.5,15846,26.61,6.76,8.38,4.93,1.52,0,5,0,0,8.07,2043455
6,32640,2325,3.4,30572,18.64,7.91,8.13,5.82,1.06,0,3,0,0,8.1,3041240
4,7149,2065,2.6,5721,2.9,20.92,0.87,1.27,4.32,0,2,1,1,7.57,268412
9,50860,4196,4.7,47187,23.23,5.76,9.88,3.18,0.98,1,6,0,1,8.07,6553589
5,3280,2437,3.1,1352,0.84,12.6,2.13,0.53,0.21,0,3,0,0,8.18,2010706
8,6288,3405,4,2834,1.69,19.92,1.61,0.34,1.2,0,4,0,0,8.02,2174780
10,42436,5784,5,37544,17.87,2.87,8.54,6.61,0.97,1,6,0,0,8.03,8734673
2,2475,1134,1.9,1380,2.82,21.7,1.26,0.87,3.82,0,2,0,1,7.63,250000
4,6267,1500,2.5,5636,1.66,14.57,0.59,0.82,3.92,1,2,0,1,7.72,250000
4,5083,1593,3.1,3395,1.21,20.43,1.78,1.53,2.15,0,3,0,1,7.69,250000
3,4534,1437,1.4,2911,2.04,16.64,2.13,0.63,1.5,1,3,0,0,7.61,411661
4,8505,1168,2.6,7107,1.34,21.16,0.77,1.04,2.15,0,3,0,1,7.58,250000
6,2940,2884,4.4,213,2.25,15.07,1.23,1.27,1.41,0,5,0,0,7.68,2762670
5,2473,2585,2.8,498,3.15,18.43,0.54,1.17,3.92,0,5,1,0,7.28,904215
8,19174,3000,4.9,17050,13.96,7.64,9.96,5.19,0.52,0,4,1,0,8.08,4180664
9,21215,3872,5.4,17276,13.01,8.76,9.69,3.57,0.31,0,4,1,1,8.07,6097847
6,28848,2813,3.7,25887,27.73,3.18,7.24,7.93,0.35,0,4,1,0,8.31,3255978
3,8023,1802,2.7,6471,3.47,20.79,0.68,0.73,2.26,1,4,0,0,7.4,250000
6,6162,2333,3.6,4912,1.87,16.19,2.38,1.09,0.82,0,4,0,1,7.75,2273358
8,3616,3064,5.7,892,3.84,24.69,0.71,0.93,3.83,0,5,0,0,7.51,1540816
10,38899,4813,5,34015,16.74,8.37,5.66,1.18,0.46,1,6,0,0,8.22,7630056
10,58313,5043,4.5,53232,22.81,6.33,10.23,1.86,1.13,0,6,0,1,7.98,8188091
5,32066,2160,3.9,29488,18.15,1.34,6,1.17,0.93,0,4,1,0,7.85,3383895
7,23172,3298,3.8,20028,24.03,7.89,6.3,7.8,0.26,0,5,0,0,7.73,4348143
7,5099,2853,5,1687,2.94,16.22,0.53,0.65,1.63,1,4,1,0,8.11,1656234
7,5781,2784,3.4,2597,0.4,23.72,2.47,1.41,0.94,0,4,0,0,7.93,2637276
2,6817,952,2.3,5655,1.52,21.32,2.03,0.15,1.64,0,2,0,1,7.86,250000
2,2491,1221,2.5,688,0.21,18.5,2.05,0.95,1.08,0,2,0,0,7.72,250000
6,7524,2749,3,4889,2.49,22.62,1.52,0.6,2.18,0,5,1,0,8.1,1312710
2,6835,1223,2.3,6516,1.54,18.85,0.99,1.94,4.4,0,2,0,1,7.17,250000
6,8355,2642,2,6102,2.19,15.44,0.67,1.96,2.53,1,5,0,0,7.8,1177580
4,38429,2152,2.1,36716,18.26,9.72,7.51,7.05,0.28,0,3,0,0,7.93,3083504
4,4746,1541,2.4,2619,3.16,23.73,0.42,1.08,1.87,0,3,1,1,7.72,250000
2,4762,1202,1.7,3437,2.2,21.13,0.66,1.73,1.53,0,2,0,0,7.22,250000
3,5661,1822,1.9,4464,3.49,20.55,0.73,1.91,3.96,0,3,0,1,7.46,250000
5,8324,2434,2.8,6059,1.77,19.23,1.03,0.37,3.6,1,5,0,1,7.68,907355
3,6921,2055,3.2,5280,2.38,18.06,1.34,0.73,0.67,0,3,0,1,7.52,1578007
7,4248,2959,4.2,1729,1.44,15.51,1.93,0.81,0.38,0,5,0,0,7.69,3174275
8,6643,2790,4.4,4535,1.63,13.64,0.62,0.24,1.15,0,5,0,1,7.86,2866697
6,5867,2316,4.5,4277,0.86,20.65,2.02,1.41,0.73,0,4,0,0,7.68,2239149
10,30348,4528,4.6,27463,12.04,3.78,5.39,5.77,1.01,0,6,1,0,8.16,7255507
5,43874,2569,3.6,40800,18.49,3.48,7.44,6.28,1.21,0,4,1,0,7.96,3442951
8,8199,2790,4.7,5319,1.83,19.36,0.89,1.93,1.61,0,4,0,0,7.72,1727508
7,19507,3162,4.6,16908,22.05,7.66,9.01,7.15,0.18,0,5,1,0,8.16,4026316
4,2955,2058,3.8,1271,2.09,13.77,1.5,1.1,1.56,1,3,0,0,8.15,1292091
5,7094,2451,3.2,5481,1.67,25.31,1.31,0.63,2.13,0,5,0,0,7.63,963878
5,2192,2374,3,233,2.06,21.03,2.1,1.03,1.35,1,5,0,1,7.49,1856326
10,14092,6697,6.7,8241,20.12,9.28,7.37,5.95,1.02,0,6,0,0,8.19,9701551
8,6585,2753,4.9,5070,0.44,21.23,2.31,0.21,1.5,0,4,0,0,7.52,2825145
9,22938,3943,4.4,18790,18.86,7.77,8.81,6.48,0.24,1,6,0,0,8.15,5152757
7,3045,3454,4.8,0,2.02,22.56,1.04,0.6,3.96,1,5,0,1,7.55,2020153
7,3585,2984,4.4,1599,1.72,22.48,1.13,1.98,4.5,1,4,0,0,7.69,1257140
4,6115,2433,2.7,4611,3.88,20.63,1.55,0.78,2.53,0,3,0,0,7.86,646771
2,3116,997,1.6,2455,0.27,14.92,0.34,0.44,1.21,0,2,0,1,7.54,250000
3,6764,1506,2,6114,1.6,19.63,1.66,0.22,3.74,0,3,0,0,7.55,250000
8,4583,2999,4.4,2297,0.14,19.71,0.46,0.11,0.36,0,3,0,0,7.94,3123078
10,24282,5843,6,18469,15.39,7.44,13.48,0.9,0.94,0,6,1,0,8.35,8303591
5,6871,2023,3.8,5147,3.32,25.69,0.63,1.47,4.25,0,2,0,1,7.56,250000
3,5037,1647,2.5,3198,1.2,14.59,2.21,0.92,1.71,0,4,0,1,7.58,833115
7,2637,2069,3.6,515,0.13,15.61,2.35,0.53,0.71,1,4,0,1,7.92,1755117
4,3650,1235,3.1,2755,3.1,22.66,0.48,0.25,2.43,0,3,0,1,7.74,250000
6,42630,2803,3.6,40508,27.26,4.62,5.3,1.59,1.33,1,5,0,1,8,4145199
4,1859,1710,2.5,0,1.3,23.39,2.37,0.35,0.41,0,3,0,0,7.77,867706
7,3738,3044,4.4,314,2.2,16.73,1.84,0.22,1.31,0,4,0,1,7.81,2974313
4,3611,1542,3,1814,1.83,22.54,1.17,1.72,2.03,0,3,1,0,7.53,250000
8,20885,3249,4.9,17988,18.63,4.45,8.11,4.43,1.65,0,5,0,1,7.85,4739239
10,59426,4820,5.3,54558,21.81,7.59,6.32,2,1.54,1,5,1,0,8.33,8090906
3,2998,1435,2,1955,1.69,18.01,1.75,1.06,0.14,0,2,0,0,7.88,459370
10,51276,4522,5.2,46879,15.09,6.88,13.38,2.33,0.59,1,6,0,0,7.75,7373599
7,4492,2425,4.6,2651,3.32,22.09,0.67,1.15,3.94,0,3,1,0,7.69,863319
5,5953,2010,3.4,4336,3.53,14.05,1.03,0.59,3.6,0,3,0,0,7.91,250000
3,4549,1570,2.7,3592,2.43,22.29,1.91,1.41,0.69,0,3,0,0,7.94,601514
6,4322,2297,3.6,2232,0.48,21.34,0.96,0.4,1.05,0,4,0,0,8,1838247
4,2788,1994,3.3,1172,0.27,20.42,1.44,0.79,0.61,0,4,0,1,7.99,1404680
7,7098,2715,3.7,4458,3.3,20.9,0.62,1.84,1.06,0,4,0,1,7.85,1632489
2,3135,948,2,2030,0.76,17.39,0.74,0.22,1.32,0,2,0,1,7.33,250000
10,15695,6467,5.3,10415,17,1.48,12.27,0.82,1.68,0,6,0,1,8.11,8837504
3,5479,1517,2.3,3724,1.42,15.48,1.58,0.26,4.42,0,3,1,0,7.52,250000
7,2716,3013,4.6,576,0.37,22.4,1.5,0.15,0.89,0,4,1,1,8.14,3057082
5,6791,2458,2.9,4405,2.07,20.83,0.61,0.99,1.98,1,4,0,0,7.98,940258
6,4267,2886,4.9,2583,0.52,12.23,1.73,0.17,1.77,0,3,1,1,7.96,2762381
6,1891,2350,4.8,152,1.66,19,0.7,0.94,0.2,1,4,1,1,8,2242319
7,2055,2826,4.4,0,1.28,21.78,0.99,0.66,1.29,0,3,0,0,7.82,2655193
7,3475,3155,4.3,510,3.6,20.28,1.66,1.72,3.56,0,4,0,1,7.42,1728238
9,3690,3558,5.7,839,3.54,14.31,1.72,1.5,1.29,0,4,0,0,7.77,2537523
4,5786,1035,2.5,5166,2.12,23.31,1.79,0.4,0.71,0,4,1,0,8.04,250000
6,5468,2785,3.9,3165,1.69,12.16,0.7,0.58,0.5,1,4,0,0,8,2718662
2,6276,1024,2.2,5909,2.46,22.94,1.1,1.18,1.38,0,2,0,1,7.42,250000
7,5258,2353,4.2,3272,2.63,17.98,0.48,1.58,2.4,0,4,0,1,7.76,976529
5,5325,1862,2.2,3400,2.97,16.76,0.37,0.25,2.02,0,2,0,0,7.94,250000
3,3713,938,1.2,3437,2.11,21.36,0.44,0.61,1.72,1,1,1,1,7.65,250000
6,6925,2528,3.6,4862,1.18,12.15,1.45,1.48,0.99,0,5,0,1,8.11,2250191
8,3182,2823,3.8,38,2.27,18.47,0.37,1.4,1.29,1,2,0,0,7.69,2579183
3,2981,1665,2.3,968,0.18,19.29,1.55,0.24,1.11,0,2,0,1,7.49,823744
5,3686,3199,3.1,739,1.97,23.7,1.82,0.67,0.76,0,5,0,1,8.21,2830091
3,4553,1003,2,3147,0.17,19.36,0.97,1.14,1.62,0,2,0,0,7.55,250000
4,33498,2049,2.3,31775,19.53,1.99,9.97,5.79,0.99,1,3,1,0,8.34,2718160
6,39873,2215,4.1,37148,18.98,6.62,11,7.01,0.44,1,4,0,1,7.48,3699962
7,3581,2732,3.9,1171,1.51,15.04,2.1,0.18,1.29,0,4,0,1,7.6,2651767
2,4185,1127,2.2,2727,3.71,19.8,0.65,1.49,4.1,0,2,0,0,7.54,250000
2,5390,900,2.4,4664,2.34,18.6,1.66,1.03,1.05,0,3,1,1,7.68,250000
7,5078,2756,3.4,3010,2.42,17.46,2.03,1.38,1.26,0,4,0,1,7.71,2560895
6,4866,2289,4.3,2152,0.8,23.05,2.31,0.65,0.84,0,2,0,0,7.96,1913119
10,26236,5682,5.6,21804,12.1,4.88,11.94,5.34,1,1,6,1,1,8.26,8444175
4,7621,2139,3.3,5719,3.88,17.26,1.39,0.95,2.7,0,3,0,1,7.65,554358
8,8903,3451,5.3,5518,3.14,20.26,0.46,0.89,3.05,1,6,0,0,7.72,2253604
5,37641,2577,3,35889,16.55,9.22,8.27,5.03,0.97,0,5,1,1,8.07,3670675
7,1818,2903,4.6,0,0.88,16.97,1.28,1.29,0.67,0,4,0,0,7.81,2900620
8,5034,3052,5,2148,2.27,17.23,1.58,1.27,3.07,1,5,0,0,7.72,1767096
4,3366,1966,3.1,1530,3.79,19.31,1.48,1.87,4.41,0,3,1,0,7.89,250000
4,3968,1764,3.2,1965,0.94,15.69,0.76,0.34,1.19,1,3,1,0,7.96,1050375
10,30592,4928,6.3,27115,23.46,9.61,5.65,7.98,0.85,0,6,0,0,7.76,7362986
7,18284,3692,4.8,13906,14.48,5.45,7.08,4.32,0.53,1,5,1,0,7.78,4771377
6,43398,2787,3.2,40163,14.96,2.46,6.64,2.46,1.35,0,5,0,0,7.86,4579600
4,3834,1541,3,2890,1.49,18.27,1.36,0.54,0.33,1,3,0,1,7.7,896857
7,5798,2886,3.7,2929,0.98,18.31,0.56,0.68,0.71,1,5,0,1,8,2937148
6,4830,2789,3.9,1892,2.17,12.34,2.37,0.16,1.14,1,4,0,1,7.87,2853926
5,7730,2129,3.6,5384,1.37,25.28,1.07,1.31,4.27,0,5,0,1,7.81,355133
10,50514,5444,5.2,45154,25.68,3.99,5.15,6.87,1.05,1,6,0,1,8.45,8481073
6,3605,2835,3.2,807,0.18,23.7,1.73,0.71,1.17,1,5,0,0,7.99,2647364
5,6383,2306,3.7,3874,1.05,24.8,1.52,0.51,2.45,1,2,0,0,7.62,771445
2,5775,1145,1.8,5446,2.3,22.74,2.3,1.14,0.28,1,3,0,1,8.09,250000
5,6396,2151,3.1,4412,0.2,23.04,1.38,1.32,1.56,0,4,0,1,7.56,1642364
6,3851,3441,3.6,786,1.03,14.07,1.01,1.08,1.57,0,5,0,0,7.68,2143845
5,5181,2173,3.3,3678,0.29,18.32,2.04,0.21,1.61,0,5,0,1,7.54,1802310
6,2064,2302,3.5,0,1.57,18,0.97,0.84,0.98,0,5,0,1,7.6,1916684
5,8843,2950,3.6,6279,1.85,19.04,0.81,1.73,3.7,1,5,0,1,7.56,1563145
10,7185,5705,6,1767,27.45,3.52,10.48,4.85,1.55,0,6,0,1,8.22,7226219
2,5937,985,2.2,5401,1.7,19.8,2.37,1.1,1.45,0,2,0,1,7.52,250000
3,2370,1469,1.9,7,2.22,16.33,1.67,1.03,1.43,1,2,0,0,7.54,426031
10,18078,5725,5.2,13388,19.3,1.25,6.73,3.7,1.52,1,6,0,1,8.14,8450250
5,7208,1866,3.2,5487,3.1,24.99,0.22,1.77,1.77,1,4,0,0,7.95,250000
7,7736,2938,4.2,5311,1.06,21.56,0.9,1.02,3.86,1,5,0,0,7.63,1512135
6,6918,2147,2.3,5697,1.69,15.35,1.01,0.57,1.29,0,4,0,1,7.45,1887558
7,3002,3152,4.6,836,1.29,23.95,1.38,0.41,0.96,1,6,0,1,7.9,3206460
9,59920,4695,5.1,55088,15.27,5.14,11.11,6.38,0.1,0,6,1,0,8.66,7956027
3,5389,1040,2,4252,2.16,21.8,2.47,1.41,0.71,0,2,0,1,7.44,250000
5,4255,2089,2.7,2381,2.15,20.79,0.47,0.39,0.63,1,4,0,1,7.86,1530770
6,15262,3342,3.6,12724,27.52,7.85,6.83,4.86,0.87,1,4,1,0,7.9,4261937
5,6488,1945,3.4,4959,0.57,13.92,1.34,1.17,1.8,0,3,1,0,7.99,1413235
9,47518,3542,5.1,44262,20.92,3.79,5.96,2.59,0.52,0,5,0,0,8.22,6368685
5,4503,2837,3.2,1198,3.48,18.16,0.34,0.73,1.48,1,4,0,0,7.84,1403121
6,5253,2307,3.3,3704,1.24,17.03,2.25,0.44,0.78,1,4,0,1,7.81,2077568
10,51466,6696,5,45326,20.6,0.27,4.11,4.72,0.93,1,6,1,0,8.72,10422214
3,4434,1267,2.5,2995,1.79,15.57,0.67,0.67,3.23,0,4,0,1,7.44,250000
2,21394,1455,1.9,20573,24.88,5.27,10.85,7.39,1.13,0,2,0,0,7.13,1054012
3,5403,1373,2.6,4246,2.52,24.88,0.46,1.44,3.08,1,3,0,0,7.41,250000
3,5221,1115,2.6,4057,1.87,12.51,0.72,1.03,0.27,1,3,0,0,7.97,250000
4,3311,2300,3.9,991,0.96,21.3,1.73,0.43,0.35,0,3,0,0,7.84,1915252
9,12889,3839,4.8,9981,21.75,6.82,10.96,6.05,1.34,0,6,1,1,8.15,5378513
6,5579,2530,3.2,2879,1.96,13.49,1.74,0.51,1.39,1,4,1,1,8.02,2267671
7,6482,2711,5,4869,0.28,16.89,1.04,1.2,0.8,1,4,1,0,7.72,2800228
5,2680,2041,3.5,698,1.69,17.97,1.76,0.19,1.59,0,3,0,1,7.86,1329615
4,6276,2358,3.4,4042,0.62,16.03,2.16,0.64,1.01,0,2,0,0,7.52,1934818
10,37845,5809,4.3,33405,12.73,1.24,12.15,5.29,0.46,1,6,1,0,8.52,9399478
8,7777,3350,4.4,4947,1.3,15.26,1.47,0.65,1.2,0,4,0,0,7.92,2420103
3,4521,1324,2.7,2415,0.78,18.19,1.92,0.23,0.6,0,3,0,0,7.56,510881
7,5186,2585,4.8,2492,0.4,15.32,0.79,0.63,1.4,0,3,0,0,7.9,2457641
7,2810,3314,3.1,0,3.9,16.43,1.33,1.72,2.89,1,5,0,0,8.1,1719142
8,3664,2983,3.9,626,1.46,14.6,0.57,0.83,1.03,1,4,0,1,7.51,2968808
10,32971,5464,4.6,27935,20.08,6.01,11.61,5.17,1.27,0,6,1,0,8.43,8037335
4,1964,1897,3,1080,1.79,17.45,1.31,1.04,0.53,1,2,0,1,7.53,1310204
7,6297,2872,4.5,3166,2.38,12.91,1.48,1.01,1.31,0,4,0,0,7.72,2804759
7,8282,3183,4,5841,1.76,15.61,0.51,1.95,2.92,0,4,0,0,7.45,1985318
5,6873,2298,3.8,3748,1.97,17.4,1.47,0.7,1.29,0,3,1,0,7.99,1951981
10,56585,4891,5.9,51926,26.37,1.84,10.27,6.36,0.62,1,6,0,1,8.52,7666170
4,2642,1309,2.6,1219,0.29,19.42,2.17,0.13,0.21,0,2,0,0,7.91,390869
6,2752,2658,3.6,1372,2.43,25.21,0.66,1.51,3.56,0,4,0,0,7.64,843427
4,5131,2020,2.5,3258,0.11,19.8,1.23,0.58,0.26,0,4,0,0,7.48,1581434
6,4716,3090,4.6,2196,1.96,19.5,1.35,0.98,3.78,1,4,1,0,8.01,1575848
2,6832,1123,1.4,6104,2.27,17.34,0.46,1.33,0.53,0,2,0,0,7.82,250000
6,2596,2465,4.9,0,3.39,15.59,0.32,0.54,3.61,1,3,0,1,7.42,1010379
6,8650,2088,3.6,6527,3.59,17.08,1.11,1.72,4.22,0,3,0,1,7.38,549820
10,14275,4066,6.2,9727,22.35,0.74,11.17,1.52,0.37,0,6,0,0,7.82,5988650
6,6052,2418,3.7,3824,1.61,17.02,1.17,1.07,1.36,1,4,0,0,7.74,2080089
10,48127,5803,4.5,42039,14.56,3.71,6.33,3.07,1.2,0,6,1,0,7.98,9573626
4,1908,2308,2.8,63,0.15,23.92,0.7,1.09,0.36,0,5,0,0,7.44,1821102
10,20271,5472,5.5,15684,25.4,7.89,6.74,3.69,0.89,0,5,1,0,8.4,7292757
10,23246,5014,5.7,18727,14.35,3.55,13.09,7.36,1.19,0,6,0,0,8.32,7070542
5,54188,1688,2.8,52473,20.43,1.25,6.01,7.28,1.04,0,2,1,1,7.83,2879732
6,5724,2056,3.2,3590,3.45,16.18,0.29,1.91,1.01,1,4,0,0,7.54,787964
8,19617,3938,4.5,16797,22.22,8.8,9.25,3.49,1.75,0,5,0,1,7.85,5404019
4,4091,1721,2.8,2892,1.87,19.7,1.97,1.25,1.67,0,2,0,0,7.8,795502
6,2866,3141,3.7,56,1.76,18.74,1.11,0.16,0.73,0,4,0,1,7.83,3161800
4,56073,1917,2.4,54801,13.53,4.87,9.88,3.87,0.72,1,3,0,1,7.66,3627358
8,8779,3555,4,4793,2.35,24.17,0.68,0.87,1.58,0,5,0,1,7.78,2600278
10,24502,5140,5.5,20231,27.47,4.02,10.8,2.93,0.61,1,6,0,0,8.14,8349425
6,6967,2631,4.1,5545,1.15,19.42,0.49,0.79,1.68,0,4,0,0,7.72,2390250
5,4613,1576,3.7,3022,0.76,22.43,0.62,0.79,1.72,0,3,0,0,7.77,743020
5,4198,1961,2.7,3497,2.05,21.89,1.97,0.61,0.22,0,3,0,0,7.85,1362968
5,6897,2147,3.2,5541,0.68,14.3,0.61,0.73,0.14,0,4,0,0,8.21,1686238
4,7846,1602,3,5618,2.13,23.51,1.04,0.92,1.1,0,3,0,0,7.78,250000
8,33557,3792,4.3,29798,16.59,4.87,12.73,1.11,1.96,1,5,0,0,7.95,5674824
7,5544,3020,4.3,2906,3.21,24.7,0.53,1.75,2.05,0,4,0,0,7.61,1627418
3,5151,1316,2,4411,0.72,22.66,1.02,0.89,0.78,0,2,0,1,7.77,340583
8,48960,3683,4.4,45717,25.14,5.19,6.78,2.98,0.53,1,6,0,1,7.76,6093866
2,3407,1000,1.5,2914,0.84,12.72,0.82,0.47,1.79,0,2,1,0,7.56,250000
5,4697,2750,3.6,2479,1.71,22.41,0.76,1.02,2.95,0,5,1,0,7.59,1253830
6,3320,2117,3.5,676,2.23,22.64,0.51,1.68,2.14,0,4,0,0,7.89,425383
3,3191,1807,1.8,2061,1.66,18.68,1.03,1.11,3.64,0,3,0,1,7.64,250000
7,7368,3547,4.5,4649,2.29,14.81,0.94,0.28,2.03,0,5,1,0,8.04,2514148
4,3353,1602,2.8,1653,2.05,21.98,1.03,0.93,0.34,0,2,0,1,7.78,796202
6,2502,1872,3.5,0,0.32,15.16,1.12,1.29,1.45,1,4,0,1,7.96,1294750
3,6319,1273,3,4557,2.22,16.11,0.58,0.94,0.74,0,3,0,1,7.8,451036
10,43319,6617,5.8,36754,13.89,0.8,7.11,1.78,1.1,0,6,0,1,8.39,10009042
4,2343,2029,2.6,499,3.67,20.24,0.76,0.66,1.85,0,3,0,0,7.82,250000
3,24794,1619,3.1,23373,12.59,7.64,9.52,6.44,1.43,0,1,1,0,7.66,1980851
4,3829,2129,3.1,1922,1.63,24.5,0.98,0.6,1.14,0,4,0,0,7.59,618150
10,38678,6129,5.1,32372,13.17,3.61,11.37,5.52,0.47,0,6,0,0,7.82,9097116
5,5106,2477,4.3,2606,1.22,12.67,2.32,1.47,0.83,0,4,0,0,7.95,2192358
5,2753,2676,4.1,650,0.71,14.3,1.13,0.65,1.59,0,4,0,1,7.69,2322999
2,5205,1078,1.9,3532,0.24,17.82,2.41,0.7,0.71,0,1,0,0,7.45,250000
2,4445,1034,1.9,3894,0.47,23.37,1.49,0.19,1.28,0,3,0,1,7.48,250000
10,33155,6818,5.1,26679,13.42,4.88,4.62,5.34,0.25,1,6,0,0,8.36,10346235
7,2329,2628,4,12,0.85,20.61,0.74,0.74,0.55,1,5,0,0,8.09,2479704
3,4960,1761,2.8,3636,1.89,21.7,1.51,0.1,1.18,0,3,0,0,7.78,916577
6,4263,2660,3.5,1591,2.87,21.16,0.46,1.34,2.51,0,4,0,0,7.81,1094956
4,8404,2176,3,6608,1.68,15.94,0.84,1.48,1.15,1,3,0,0,7.71,813976
8,6455,2716,4.3,4085,2.43,19.3,1.45,0.83,0.76,1,4,1,0,8.19,2594283
5,2223,1769,3.5,205,2.49,12.58,1.83,1.28,1.2,1,3,0,1,7.52,1197666
4,48797,2235,2.9,47856,27.71,7.42,8.72,5.2,0.3,1,5,1,0,7.94,3615990
6,3349,3230,3.7,1056,3.79,23.3,1.71,0.74,4.01,0,5,0,0,7.46,1559884
5,3835,3112,2.8,746,1.93,15.84,2.39,1,0.87,0,4,0,1,8.1,2755230
3,8741,2002,2.7,7916,3.7,23.85,1.22,1.38,1.3,1,2,0,1,7.45,559073
2,5524,1016,1.6,4300,1.25,13.78,1.25,1.15,0.88,0,2,0,0,7.27,250000
5,4700,1696,2.8,2576,1.1,21.57,0.66,0.97,0.96,0,5,0,1,7.84,1004067
2,4557,1394,1.7,2885,0.33,18.38,1.94,0.68,1.24,0,2,0,0,7.66,300862
2,5125,1396,2.3,3370,2.23,23.48,1.62,1.46,1.21,0,2,0,0,7.38,250000
6,5093,2364,3.7,3233,2,15.45,1.99,0.72,1.24,0,3,0,0,7.63,2068255
5,6888,2550,3.5,4403,0.7,19.09,1.48,1.28,1.34,0,4,0,0,7.97,2156885
5,2033,2542,3.6,0,2.33,20.61,1.57,0.42,0.13,0,5,0,1,7.91,2240177
10,57132,6015,5,52077,23.29,6.7,5.04,2.75,0.11,1,6,1,1,8.35,10162487
4,5744,1588,2.8,4401,2.04,18.41,2.05,0.49,0.96,1,3,0,1,7.36,1038289
5,6305,2568,3.1,5200,0.61,19.38,1.28,0.32,1,0,3,0,0,7.71,2250521
6,29733,2224,2.6,27773,13.6,3.12,11.98,3.42,0.4,0,3,0,1,7.92,3392966
5,4554,1790,3.1,2779,1.78,19,0.48,1,1.27,1,3,0,1,7.66,1215489
3,6560,1431,2.7,5313,0.72,16.34,2.19,1.41,0.47,0,3,0,0,7.76,635733
5,6840,2363,3.8,5426,1.76,14.61,2.26,1.03,1.57,0,3,0,0,7.69,1908195
10,51348,6673,5.8,45321,24.9,3.68,12.12,7.44,1.9,1,6,0,1,8.61,9773448
5,5776,1738,2.8,3539,2.06,13.18,1.8,0.51,1.45,0,4,0,0,7.88,1017058
7,6187,3272,3.4,4274,1.93,22.41,1.58,0.56,2.25,1,4,0,1,7.64,2059724
5,6463,1455,2.6,5218,1.79,15.63,0.4,0.88,1.52,0,3,0,0,7.59,711043
7,4764,2032,5.2,3007,1.34,22.55,2.27,0.73,0.87,0,4,0,1,7.92,1838754
3,1975,1677,2.3,829,1.13,12.74,2.09,0.58,1.65,0,3,0,0,7.35,817906
8,7887,3269,5,5071,1.15,15.93,0.64,1.27,2.26,0,4,0,0,7.86,2109447
8,3397,3574,4.6,0,2.27,15.16,0.39,1.25,4.43,0,4,0,0,7.81,1860606
4,4077,2111,2.5,1934,2.45,22.24,1.44,1.53,2.2,1,2,0,1,7.77,342337
6,2367,2474,4,0,0.44,20.01,1.73,1.23,0.34,1,5,0,1,7.73,2404610
3,4707,1510,2.2,3249,1.02,12.21,1.14,1.23,1.02,0,1,1,0,7.95,616229
10,15592,4375,6.4,11681,12.7,5.09,5.25,6.83,0.32,0,6,0,0,8.17,6615860
7,2478,2983,3.7,0,2.93,25.57,1.14,0.75,2.34,0,5,0,1,7.6,1506949
5,3951,2542,3.3,1695,2.19,14.19,1.81,0.59,1.77,1,4,0,1,8.16,2076264
3,6728,1519,2,5710,1.81,19.28,0.91,1.59,2.29,0,2,0,0,7.74,250000
8,8555,3162,4.5,5773,3.98,21.48,1.45,1.18,1.91,0,4,0,1,7.84,2114719
4,4272,1839,1.9,2395,0.95,13.23,1.49,0.52,1.22,0,3,1,1,7.66,1242797
8,7411,2488,5.1,4586,3.68,17.32,0.59,1.77,3.19,1,3,0,0,7.48,1246479
6,6127,2930,3.6,3549,1.7,17.52,1.11,1.97,1.76,0,4,0,0,7.58,1666510
7,3552,2673,4.8,1289,0.36,14.76,0.32,1.46,1.11,0,3,0,1,7.56,2653947
6,5951,2570,2.9,3949,0.3,13.53,2.26,1.18,1.79,0,3,0,0,7.71,2348110
7,8179,2925,3.9,5565,2.39,25.81,0.93,0.4,4.47,0,3,0,0,7.46,1406892
6,3195,2787,3.1,650,1.84,22.45,0.67,0.2,0.3,1,4,0,1,7.69,2575115
7,4789,2736,4.1,3114,3.92,21.28,1.35,0.36,3.2,0,3,0,0,7.46,1251540
5,6151,1048,3.1,5688,2.23,13.51,0.44,0.89,0.95,0,1,0,1,7.44,336365
10,55694,4406,5.6,51957,15.44,9.17,5.89,1.15,0.72,0,6,0,1,7.99,7889950
4,2950,1463,2.9,2159,0.91,12.52,2.29,0.82,1.24,1,3,0,0,7.47,768953
5,3977,1924,3.3,2380,2.29,13.24,0.92,0.85,1.29,0,4,0,1,7.79,1447286
2,2175,1259,3.1,1108,0.23,16.81,1.04,0.99,1.01,0,1,0,0,7.43,269885
4,4095,2010,3.4,2932,3.72,24.27,1.03,0.63,1.68,1,2,1,0,7.89,419125
9,52428,4122,4.3,48714,21.92,5.47,9.62,7.21,0.78,1,5,1,1,8.03,6802668
4,8669,1206,2.1,6401,2.75,24.99,0.22,1.34,2.66,0,2,0,1,7.52,250000
8,55727,3692,4.8,52347,16.54,1.16,8.79,7.61,1.17,1,4,0,1,7.94,5945449
4,8047,1009,4,7521,1.57,16.64,1.72,0.48,1.13,0,2,0,1,7.38,250000
4,4929,1297,2.1,3692,3.16,23.89,1.37,0.61,4.35,0,3,0,0,7.42,250000
5,4536,2454,3,1906,1.84,16.28,1.56,1.37,1.76,0,5,0,1,7.7,2071357
2,6141,1570,2.7,4411,2.58,14.13,0.96,0.8,3.36,0,3,0,0,7.5,250000
7,57059,3122,4.9,53920,24.96,6.02,13.75,4.24,1.57,0,5,0,1,8.25,5105836
4,3101,2015,2.1,518,3.12,25.66,0.47,0.94,1.33,0,3,0,1,7.91,250000
6,6625,2448,2.9,3806,2.03,12.59,1.62,0.84,0.6,0,4,0,0,7.36,2275339
8,5397,3505,3.6,2589,2.06,22.88,0.61,1.12,2.93,1,4,0,0,7.88,2183911
6,3139,2779,3.8,292,0.6,16.01,1.76,0.89,0.88,0,4,1,0,8.1,2610820
6,5470,3016,3.7,2596,1.48,14.23,0.58,0.46,0.28,0,3,0,1,7.82,3007216
4,5680,1413,2.9,5060,2.35,17.84,1.28,1.19,1.31,0,2,0,0,7.8,469245
2,2992,1602,2.2,1459,1.73,22.67,1.78,1.26,1.02,0,2,0,1,7.82,537388
10,21942,5010,5.6,16965,25.69,5.88,11.9,3.78,1.22,0,6,1,0,8.28,6553750
4,5189,2013,3,4146,1.77,22.24,0.73,0.56,0.84,0,2,1,1,8.29,1334668
6,5418,2527,3.5,2934,0.96,14.64,2.31,0.7,1.21,0,5,0,0,7.77,2328046
10,54709,6687,5.3,48011,26.33,0.23,13.34,1.79,0.18,0,6,0,0,8.13,11367208
4,3131,1599,3.2,2087,1.54,17.66,1.04,0.62,0.73,0,4,0,0,7.79,852153
4,3994,1872,3,2884,1.92,22.05,0.51,0.89,1.39,0,3,0,1,7.6,1133291
2,5403,1392,1.8,4056,2.34,18.2,1.31,0.71,1.28,0,3,0,1,7.78,324282
4,6622,2094,3.5,5286,3.89,17.29,1.12,0.76,3.61,1,2,0,0,7.59,375520
5,5967,2108,3.1,4224,0.68,14.48,1.17,1.3,0.2,0,3,0,0,7.78,1686735
5,6826,2656,3.4,4094,2.5,20.23,1.22,1.44,3.29,1,3,0,0,7.56,1058639
4,54204,2020,2.2,52401,24.76,4.58,7.24,6.12,1.27,0,2,0,0,7.81,3239527
4,3632,1846,2.8,2551,1.06,15.3,0.62,0.32,3.11,1,4,0,0,7.53,250000
10,48202,5448,5.5,43439,20.53,8.86,8.49,1.88,1.69,0,6,0,1,8.35,8802760
7,19922,3137,3.6,17474,19.66,0.39,6.97,4.21,0.31,0,5,0,0,7.78,4196670
10,31110,5826,5.5,25762,23.27,2.1,9.1,4,0.91,0,6,1,0,8.35,8622233
6,5283,3041,3.7,2298,1.28,24.59,1.27,1.78,4.48,0,4,0,0,7.62,1237013
4,5549,2393,2.6,3152,1.09,22.24,0.98,1.62,3.85,0,3,0,0,7.79,430296
6,8761,2309,4.2,5515,1.83,16.32,1.31,1.17,3.11,0,4,0,0,7.26,996492
4,2275,1268,2.5,591,0.49,16.48,2.27,0.39,0.81,0,3,0,0,7.61,378084
6,4453,2440,2.9,1811,1.77,17.7,1.24,0.47,3.16,1,4,1,0,7.81,917932
10,15509,5835,6.1,9848,12.96,8.86,10.74,3.47,0.46,1,6,0,0,8.13,8841072
8,2863,2964,4.1,926,0.62,19.64,2.24,0.15,1.51,0,4,0,1,7.71,2838772
10,17120,6248,6.1,11777,19.96,3.79,10.62,3.26,0.76,1,6,0,0,8.23,9945585
3,6973,1240,2.1,6634,1.52,22.63,1.81,1.33,0.67,0,2,0,0,7.61,274376
8,2281,2657,4.4,0,2.62,16.64,1.4,0.75,1.97,1,4,0,0,7.9,1321727
2,8617,1205,1.5,9004,2.54,23.2,1.16,0.24,4.4,0,2,0,0,6.96,250000
9,51968,3948,4.8,48688,12,9.03,5.24,2.56,0.39,0,5,0,1,8.06,7058267
4,5801,1699,2.4,3644,1.37,19.31,1.64,1.12,1.22,0,4,0,0,7.98,823344
3,6482,1789,2.5,5132,2.19,12.47,0.62,0.55,0.69,0,3,0,1,7.61,1193208
7,8940,3317,4.3,6083,2.78,20.46,1.8,1.19,2.47,0,4,0,0,7.82,2072627
2,3754,1204,2,1983,1.56,20.73,1.36,0.44,1.16,1,1,0,1,7.65,250000
8,8946,3954,4,5972,23.95,5.92,5.75,3.25,0.7,1,5,1,1,7.73,5000261
2,6639,1051,1.4,6060,1.88,16.54,2.39,0.69,1.49,0,2,0,0,7.31,250000
10,57807,5584,4.6,52998,16.74,2.6,13.89,1.28,1.7,1,6,1,1,7.77,9433317
2,5864,934,1.3,4474,1.69,12,0.44,0.67,1.53,0,3,1,0,7.76,250000
3,2383,1236,2.8,1309,1.47,15.64,0.62,1.02,2.3,0,3,0,1,7.33,250000
3,2503,1477,1.5,1146,1.74,16.63,1.69,0.85,1.03,0,2,0,0,7.51,423766
8,6610,3470,5,3681,3.57,23.53,1.72,0.62,3.16,0,5,0,0,7.84,2178795
2,1911,964,2,1543,2.24,20.67,0.53,0.18,1.47,0,2,1,0,7.71,250000
7,27528,2687,3.4,25529,17.23,8.56,8.98,3.35,1.13,1,4,0,1,7.74,3594248
6,3292,2390,3.9,584,0.96,18.69,1.21,0.34,0.23,1,3,0,0,8.22,2024886
2,7054,1148,1.7,5868,2.28,16.86,1.41,1.77,1.98,0,2,1,0,7.57,250000
6,2802,2653,4.7,0,0.25,23.97,1.45,0.86,0.71,1,3,0,0,7.65,2460222
6,2785,2495,4.4,1287,1.08,21.38,1.86,0.37,1.06,0,4,0,0,7.44,2310948
10,31950,5000,6.3,27379,24.71,8.97,11.32,1.87,1.72,0,6,0,1,8.43,7087243
6,6351,3138,3,3518,1.54,22.34,1.46,1,2.13,1,3,0,0,8.02,1687617
7,2302,2958,3.4,0,1.73,19.78,0.43,1.25,1.06,1,4,0,0,7.7,2756943
7,8789,2704,3.9,6168,1.67,18.26,1.76,0.6,2.97,1,5,0,0,7.73,1361930
2,6016,1059,2.2,4984,0.33,16.11,0.56,0.77,0.78,0,3,0,0,7.53,250000
8,3832,3073,5.5,1187,3.32,17.56,1.29,1.47,2.97,0,4,0,1,7.9,1698872
8,4930,3164,4.8,1990,0.8,22.18,2.49,0.92,0.63,0,4,0,1,7.48,3363640
4,3692,1598,3,2520,2.56,18.91,0.67,0.3,2.82,1,2,0,1,7.53,250000
4,2738,1351,2.1,813,2.28,23.17,0.41,0.93,1.06,0,2,0,1,7.29,397328
6,51889,2703,3.5,50219,17.03,8.29,4.79,3.15,0.95,1,4,1,0,8.07,4359351
5,4428,1535,3,2502,1.84,19.15,0.48,1.94,1.38,0,3,0,0,7.29,250000
5,4391,1899,4.2,2635,1.4,22.66,1.69,1.11,1.12,0,3,0,1,7.94,1268141
3,3134,1478,1.8,1375,1.58,21.78,1.29,0.63,1.76,0,3,0,1,7.83,325346
6,6277,2822,3.6,3690,3.72,15.1,0.73,1.48,4.35,0,5,1,0,7.93,1210999
2,3561,1245,1.5,2068,1.55,17.73,0.31,1.47,0.69,1,1,0,0,7.67,250000
7,5147,3022,3.4,1912,1.29,20.8,2.44,1.07,0.27,1,3,0,0,7.88,2921131
8,43031,3536,3.3,39108,14.04,8.2,13.42,3.6,1.48,0,5,1,0,7.68,5823114
7,3163,2913,5,949,2.94,25.65,1.66,0.71,1.1,1,4,0,0,7.79,1678819
10,48659,4194,6,44780,13.53,3.94,13.32,2.45,0.71,0,6,0,1,8.09,7372258
3,5918,1896,2.6,5152,0.16,12.72,1.79,0.62,1.58,1,2,0,1,7.56,1355538
2,6963,1081,2.2,5861,3.67,23.24,0.6,1.97,1.63,0,3,0,0,7.76,250000
4,54677,1995,2,53274,26.29,2.13,11.37,6.05,0.12,0,3,1,0,7.67,3324456
6,5043,2570,3.7,2950,0.19,18.37,1.54,0.21,0.95,1,5,0,1,7.72,2412417
6,6355,2521,3.8,4155,0.16,12.11,0.94,0.3,1.17,0,4,0,0,8.25,2219539
4,53800,2010,3.8,52104,16.26,8.36,12.24,2.78,1.49,1,3,0,1,7.77,3505129
3,6942,1253,3.5,5837,1.54,19.89,1.22,0.77,1.61,0,2,0,0,7.6,320194
5,5230,2414,3.3,3015,1.79,23.91,1.15,0.75,1.47,0,3,0,1,7.37,1985820
5,4115,2439,3.5,572,1.58,23.25,1.44,0.76,0.46,1,3,1,1,7.81,2124442
10,33987,3937,5.6,31235,23.37,6.1,13.71,5,0.99,1,6,1,0,8.29,6382400
6,4230,2609,3.3,844,1.3,21.36,1.29,1.48,0.6,0,4,0,0,8.03,2241350
10,26267,4580,5,23107,19.19,8.73,12.79,3.27,0.27,0,6,1,1,7.99,7123355
7,5885,3264,3.9,2766,2.05,19.08,1.16,1.14,3.52,1,4,0,0,7.91,1836090
3,4802,1239,2.6,3683,0.71,17.51,0.54,1.49,0.38,1,2,1,0,7.64,458082
3,6154,1531,2.2,4293,3.39,14.45,1.49,0.25,3.3,0,3,1,0,7.98,250000
5,27203,2306,3.1,24181,18.94,7.76,11.81,2.46,0.43,0,3,1,0,8.15,2932083
7,4419,2727,4.6,2040,3.3,21.11,0.58,0.2,3.81,1,4,0,0,7.88,1159158
5,4904,2379,3.3,3478,1.55,19.8,1.69,0.28,0.5,0,4,0,0,7.71,1951193
10,29037,4927,5.1,24341,12.57,0.96,4.81,6.4,0.77,0,6,0,1,7.84,6963208
10,53765,6035,5.6,48629,25.84,5.78,10.46,4.81,1.59,1,6,0,0,8.16,8694766
4,3804,1319,3.3,2561,0.74,20.48,2.18,0.13,1.06,1,3,0,0,7.67,494413
4,2609,2333,3,847,0.28,12.54,0.53,0.1,1.28,0,3,0,0,7.5,1869498
3,3513,1392,1.7,2764,2.34,22.57,0.74,0.59,1.4,0,3,0,1,7.76,264659
3,3299,1012,2.6,2307,1.66,13.21,2.16,1.01,0.15,1,2,0,0,7.57,250000
5,19611,1965,3.3,17357,25.83,0.46,13.11,3,1.07,0,4,0,1,7.65,2330039
4,8735,1396,2.3,7465,3.59,19.05,1.37,0.73,2.17,0,2,0,0,7.6,250000
6,7131,2961,3.4,4526,1.11,18.73,1.44,1.83,3.11,0,4,0,0,7.23,1563582
5,7050,1960,4.1,5159,2.64,17.64,0.77,1.3,2.72,0,4,0,0,7.91,348790
6,4072,2277,3.3,1843,2.42,22.52,0.92,0.81,0.2,1,3,0,1,7.84,1966697
5,4486,1922,3.1,3162,0.85,22.01,1.32,0.18,0.57,0,5,0,1,7.84,1421253
10,59748,5149,6.1,54885,26.92,4.16,12.6,7.35,1.82,1,6,0,0,8.43,8796458
10,41721,5803,6.1,35368,21.31,8.37,6.64,2.31,1.86,0,6,0,0,8.48,7903420
5,8710,2696,4,6385,3.65,20.68,1.2,0.33,1.47,1,5,1,0,8.23,1377560
6,3189,2772,2.1,1092,2.45,21.29,1.45,0.72,1.02,1,5,0,0,7.65,2427247
10,9982,4424,5.4,6177,16.44,9.17,8.51,7.27,0.67,0,5,1,0,8.5,5708669
7,2104,2522,4.5,559,1.31,12.14,1.65,1.39,0.29,0,4,0,1,7.83,2303641
9,17688,4197,5,13712,21.99,1.55,4.44,0.9,0.72,0,5,1,0,7.79,6075178
4,6477,1088,2.6,5447,2.41,13.57,1.63,1.5,0.34,0,2,1,0,7.78,302331
2,3910,1174,2.4,2765,1.9,19.22,1.1,0.34,1.11,0,2,1,0,7.63,250000
5,33724,1620,3.4,32747,27.14,1.01,9.98,7.12,0.25,0,2,1,1,7.92,2136973
7,8732,3439,4.7,5608,3.71,24.92,1.64,1.68,3.43,0,6,1,0,7.68,2250321
3,7751,1408,2.1,7205,3.93,14.84,1.05,1.85,4.31,0,3,0,0,7.49,250000
3,4487,1490,2.6,3546,1.77,20.4,0.65,1.18,3.48,0,3,0,0,7.3,250000
7,2629,3102,3.3,0,1.85,18.33,2.37,0.97,1.33,0,4,0,0,8.02,2794113
5,6125,2410,4.3,3752,1.32,14.84,2.33,0.18,1.27,1,3,0,1,7.54,2169033
4,6703,1658,2.8,4406,1.07,22.89,1.46,0.89,0.4,0,3,0,1,7.7,1015198
2,7527,1075,2.1,7853,3.34,20.25,0.79,1.94,1.56,0,3,0,0,7.5,250000
3,5181,1214,2.5,4173,1.73,12.71,1.04,1.29,1.42,1,4,0,1,7.75,288551
3,1848,1353,3.1,0,0.36,15.83,2.12,1.01,0.39,1,3,0,0,7.86,448400
3,3479,1291,1.7,1670,2.98,22.12,0.79,1.72,4.42,0,2,0,0,7.41,250000
5,7595,2420,3.5,5117,2.74,23.6,1.05,1.3,2.81,1,3,0,0,7.59,888832
5,3835,2071,3.1,1933,0.36,18.45,2.1,0.63,0.7,0,3,1,0,7.53,1623386
10,17637,5011,5.2,13384,14.15,9.55,9.93,5.31,0.92,0,6,1,0,8.17,7363529
6,4207,2552,2.7,2788,1.83,17.76,1.45,0.14,0.62,1,4,0,1,7.83,2282037
6,5173,2796,2.9,2051,1.11,16.68,1.19,1.72,2.33,1,5,0,0,7.67,1307277
9,3694,3538,4.5,795,1.96,20.39,0.23,1.79,3.76,1,5,1,1,7.77,2217024
6,7185,2390,3.8,5092,1.22,24.1,1.74,0.93,1.79,1,3,0,0,7.86,1029205
5,7285,1785,3.9,5581,1.64,16.25,0.77,0.26,1.99,0,3,0,0,7.47,441932
4,6787,1766,3.3,5870,1.37,20.81,0.4,0.44,1.51,0,3,0,0,7.53,1102673
4,7232,2336,2.5,5194,1.22,19.28,1.33,0.3,1.21,0,4,0,0,7.65,916750
4,2553,1709,2.9,113,1.62,16.41,1.29,1.69,3.51,0,2,0,0,7.69,250000
4,2025,2524,3.2,0,0.8,14.94,1.01,1.11,1.49,1,4,0,0,7.6,2167293
5,50230,2359,3.1,47618,23.52,4.96,5.87,5.83,1.14,0,4,0,0,8.19,3575644
6,3301,2761,3.3,622,0.26,15.36,0.39,0.12,0.7,1,4,0,0,7.37,2875796
5,6517,2210,3.3,4049,2.21,21.89,0.48,0.39,0.35,0,4,0,1,7.73,1874995
10,32542,4994,5,28186,18.58,3.59,6.22,6.35,1.42,0,6,1,0,7.96,7389250
6,37117,1918,3.9,36685,22.38,4.37,12.11,7.42,1.24,1,3,0,0,7.85,2701099
10,40649,6066,5,34719,23.21,1.06,11.62,2.09,0.55,0,6,0,0,8.3,9565021
10,28489,5490,5.7,23729,16.61,0.74,10.76,5.47,1.62,1,6,1,0,8.19,8098906
8,8366,3267,4.1,5651,3.16,14.29,0.75,1.43,1.45,0,4,0,0,8,2255248
7,6789,3012,4.4,3531,3.9,24.66,1.47,1.45,3.01,0,6,0,0,7.87,1539802
4,4498,1746,2.2,3239,2.48,22.34,1.27,1.5,0.97,1,2,0,0,7.58,915309
4,2282,2049,2.4,913,1.8,21.01,0.43,0.58,0.59,1,2,0,1,7.64,1390823
5,3410,2171,3.6,2385,2.47,21.52,1.14,0.91,1.16,1,4,0,0,7.87,1608758
3,6895,1397,1.7,5421,1.1,16.54,2.35,0.5,0.9,1,3,1,0,7.61,675931
5,4926,2523,3.2,2803,1.05,12.47,2.3,1.12,0.56,0,2,0,1,7.91,2117920
3,4011,1377,1.7,3641,1.62,17.11,0.34,0.14,0.9,1,2,0,1,7.66,464690
6,6102,2983,4.2,3506,1.04,15.77,2.39,0.98,0.75,0,3,0,0,7.71,3083152
5,3618,2002,3,2225,3.57,16.59,1.5,0.71,1.12,1,2,0,0,7.8,484681
5,2753,1741,3.1,1065,1.71,20.37,2.33,1.33,0.59,0,3,1,0,8.01,1023427
8,19145,3219,3.9,16030,17.65,9.14,13.99,6.37,1.02,1,6,0,1,8.16,4063342
4,2270,1742,2,236,1.57,16,1.37,0.63,2.66,0,4,0,0,7.38,250000
2,4637,1420,2.3,4166,2.07,12.51,0.52,0.83,1.1,0,3,0,0,7.74,417175
3,5197,1384,1.8,3503,1.98,13.33,2.27,1.28,1.25,0,2,0,0,7.14,538179
7,2899,2614,3.6,592,2.31,18.87,0.57,0.25,3.97,0,4,0,1,7.84,970086
6,6194,2541,3.2,3291,0.78,19.19,1.25,0.11,1.47,0,3,1,0,7.97,2144579
2,2349,1015,1.9,556,0.15,17.17,1.24,0.36,1.43,0,2,0,0,7.61,250000
5,2517,2049,3.3,252,2.03,15.35,0.91,1.27,0.35,1,3,1,0,8.06,1555540
3,2776,926,2.1,2093,1.09,22.79,2.29,0.28,0.45,0,4,0,0,7.21,250000
6,6102,2501,3.4,3500,3.56,18.68,1.03,0.22,3.76,0,4,0,0,7.31,959603
6,3157,2118,4.6,728,2.79,14.74,0.84,0.74,1.84,0,4,0,0,7.26,853169
10,11075,6859,4.9,5144,13.86,7.78,7.68,7.03,0.24,0,6,0,0,8.31,9734173
4,2917,1517,2.4,1369,1.33,16.03,1.3,0.33,0.66,0,1,0,1,7.45,761766
5,3527,2664,3.1,1070,1.28,21.44,1.02,0.41,3.27,0,2,1,0,7.99,862768
7,5614,2563,3.6,3060,1.42,14.89,0.86,0.64,0.35,0,5,0,1,7.71,2558309
2,7531,1047,2.9,6892,2.79,21.06,0.81,1.55,2.5,0,1,1,0,7.76,250000
3,3579,1208,3.7,1945,2.11,22.56,1.4,0.36,0.32,0,3,0,1,7.79,339855
3,4911,1685,2.4,3169,3.72,14.2,0.72,1.9,3.29,0,3,0,0,7.56,250000
2,8689,1599,1.7,6800,1.02,21.19,1.01,1.06,1.22,0,2,0,0,7.7,250000
8,25221,3893,4.3,21536,27.34,6.16,6.13,5.76,0.49,0,6,0,1,7.91,5165543
4,4202,1787,3,2047,2.27,17.77,1.66,0.28,1.82,0,4,0,0,7.75,250000
9,25631,3348,4.7,22362,19.49,6.52,11.52,3.15,1.21,0,4,1,1,7.52,4730227
7,7721,3188,4.6,4470,3.01,21.7,1.72,0.89,3.91,0,6,0,0,7.9,1706641
5,1958,2295,3.4,104,0.89,17.02,1.19,0.22,0.11,1,4,0,0,7.95,1965244
6,30703,2385,3.3,27938,19.44,6.55,10.09,1.31,0.22,0,3,0,0,7.73,3511087
6,2964,2020,3.8,939,3.22,16.7,1.14,0.48,1.36,0,3,0,0,7.67,626457
6,6743,1753,3.8,5529,0.5,15.29,0.83,0.8,0.6,0,4,0,0,7.28,1539374
10,22966,6881,5.3,16082,24.14,0.77,9.09,4.85,1.42,1,6,0,0,8.3,9750978
8,7496,3103,3.6,5963,3.47,20.61,0.48,0.47,3.01,0,4,0,0,7.83,1667401
7,8876,3172,5.3,6259,2.24,21.4,0.39,0.9,3.57,0,4,0,0,7.62,1896997
7,6423,2781,3.9,3405,1.48,17.6,1.72,0.75,1.2,1,5,0,0,7.82,2673761
10,49602,5072,5.1,44809,14.26,1.12,7.45,6.96,1.93,0,6,1,0,8.11,8314400
7,2632,2825,4,222,1.1,21.56,1.47,0.77,1.47,1,4,1,0,7.66,2880414
3,2355,1209,2.5,1067,2.11,21,1.14,1.26,0.24,0,3,0,1,7.95,250000
5,4868,2166,3.3,3365,1.56,20.35,2.32,1.2,0.47,0,4,0,1,7.34,1890442
3,6837,1364,2.5,5336,1.49,13,0.78,1.17,0.61,1,3,0,0,7.34,669283
3,6702,1401,2.2,5810,2.5,23.49,0.91,0.5,2.1,0,1,0,1,7.61,250000
5,6136,2687,3.4,3623,1.91,21.79,0.78,1.12,0.7,0,3,0,0,8.15,2249736
7,3637,2641,3.5,1038,1.97,12.17,0.62,0.4,0.7,0,4,0,0,7.95,2449130
6,2252,2343,3.1,125,1.05,13.95,0.56,0.88,0.61,0,2,0,1,7.79,1951204
5,23989,2411,3,21666,16.47,3.46,9.57,1.13,1.84,1,3,1,0,7.9,3181889
10,51772,4870,5.6,48076,20.02,3.86,6.24,4.81,1.79,0,6,1,1,8.04,7857557
10,8446,4019,4.5,5005,18.8,3.73,11.82,6.17,1.82,1,6,0,1,7.79,4779862
3,6551,1439,2.2,4937,1.49,16.33,1.76,0.89,1.67,0,4,0,1,7.61,583730
4,3266,2370,2.5,1554,0.58,21.93,1.79,0.76,1.66,0,5,0,0,7.91,1589142
6,5197,2034,3.8,3659,2.1,17.4,0.34,0.68,2.12,1,3,1,1,8.07,673180
6,5556,2280,3.9,3724,1.32,20.32,1.28,0.83,0.78,0,4,1,0,7.85,2037458
6,5697,2373,3.2,3565,1.1,20.14,1.51,0.49,1.2,0,4,0,0,7.79,1987464
8,44726,4082,4.5,40946,18.27,0.52,7.59,6.91,0.83,0,5,0,1,8.23,6437308
10,47659,4196,6.4,42546,17.66,9.35,4.54,1.9,0.9,0,5,0,0,8.16,6597237
5,5465,2486,4.2,3473,2.68,17.68,0.36,1.81,3.1,0,5,1,0,7.99,932338
5,8427,1907,3,7275,2.68,21.43,1.77,0.76,4.35,0,3,0,0,7.85,250000
4,31251,1781,2.8,29887,15.35,0.28,11.77,6.67,2,1,2,0,0,7.82,2247898
4,6028,1196,2.9,6015,2.32,14.41,0.48,0.58,0.42,0,2,0,1,8.04,356458
5,4806,2127,3.7,3212,0.6,13.69,1.97,0.55,0.51,1,3,0,0,7.55,1912171
6,6644,2403,4.3,4681,2.82,20.55,0.52,0.94,2.86,0,4,0,0,7.77,872552
3,2723,1575,3,1204,1.74,22.51,2.06,0.35,1.06,0,2,0,0,7.74,599007
7,7932,2978,3.6,5621,2.98,19.96,0.2,1.3,2.25,1,3,0,0,7.85,1618098
3,3512,1969,2.4,2493,2.13,23.25,1.24,1.4,0.37,1,3,1,1,7.87,1354038
4,7359,2106,3.2,5652,1.22,18.2,1.2,0.55,1.52,1,3,0,0,7.65,733370
6,20807,2621,3.8,18954,15.43,1.04,12.96,7.85,1.91,0,4,0,1,7.79,3385713
10,31593,5417,6,27139,27.68,1.7,13.27,4.56,1.32,0,5,0,0,8.21,7920882
10,43873,4700,6.2,40838,16.49,3.8,4.9,6.46,0.72,1,5,0,0,7.78,7846174
4,6465,2129,3,3936,0.42,12.64,0.56,0.76,1.24,0,5,0,0,7.56,1648578
7,6848,3081,3.8,4029,1.55,18.23,0.4,1.17,2.02,1,4,0,0,7.76,1815025
4,2274,1846,2.6,877,0.94,18.45,1.95,0.26,1.44,0,3,0,0,7.55,982743
3,4404,1245,2.3,2591,1.89,19.13,0.47,1.35,1.15,1,3,0,0,7.74,250000
7,11445,2737,4.1,7588,12.39,0.63,4.3,6.56,0.67,0,4,0,0,7.64,3604232
7,6594,2603,4.4,4938,1.8,17.21,1.58,0.22,1.64,0,3,0,0,7.74,1437460
6,1851,2313,2.7,104,0.39,16.54,0.88,0.61,0.94,1,3,0,0,7.9,1910107
2,5139,965,2,3614,0.99,18.39,0.35,0.81,1.21,0,2,1,0,7.46,250000
6,3288,2523,3.6,1145,0.96,14.29,1.11,1.3,1.36,0,3,0,1,7.58,2287174
7,6144,3454,4.2,2596,1.7,14.7,1.25,1.53,1.99,1,5,1,0,7.88,2379288
3,3323,1426,3.8,2662,1.65,13.56,2.19,1.03,1.31,0,2,1,0,7.53,663297
9,11348,3952,5.1,7805,18.84,0.92,8.11,4.5,0.22,0,6,0,1,7.89,5032866
3,3616,1064,2.5,2779,1.89,18.73,1.56,0.5,1.49,0,1,1,0,7.45,250000
7,2565,3146,3.7,0,0.62,23.22,0.75,1.4,1.21,0,3,0,1,7.67,3126269
4,56677,1628,3.6,54672,12.24,4.37,9.91,2.8,0.59,0,4,0,0,7.48,3143645
3,6784,1387,2.5,5069,1.07,23.51,0.2,0.82,2.73,0,3,0,0,7.92,250000
5,2112,2704,3.6,0,2.16,19.25,1.24,1.28,1.34,0,3,0,0,7.84,2165052
7,4301,2616,4.4,1994,1.26,16.33,1.34,1.29,1.78,1,4,0,0,7.78,2457659
6,6682,3226,4.4,4282,3.2,16.53,0.95,1.96,2.94,0,4,0,0,7.97,1693211
4,4398,2074,2.9,2258,3.69,18.31,0.66,0.83,1.75,0,4,0,1,7.92,409691
10,44539,6033,4.8,40092,13.61,6.85,6.66,6.46,1.92,0,6,1,1,8.14,9506065
4,8951,2007,2,6885,2.78,15.28,0.43,1.77,2.05,1,4,1,0,7.67,535228
5,2863,1718,3.6,2100,0.28,22.28,2.19,0.68,1.14,0,5,0,0,7.41,1105582
4,4649,2405,1.9,2163,2.22,24.04,0.32,1.23,3.01,1,4,1,0,7.9,574052
5,8773,1735,3.1,6803,1.46,17.45,1.18,0.53,4.18,0,2,0,0,7.47,250000
2,5108,1122,2,4540,2.51,14.79,1.61,1.56,2.33,1,3,0,0,7.62,250000
10,25420,5767,4.8,20280,26.74,2.76,12.3,2.73,0.75,0,6,0,1,8.49,9076018
6,5719,2992,4.1,3603,1.33,20.63,2.31,1,1.25,0,5,1,1,8.32,2760572
4,6158,2009,3,4511,2.26,18.12,1.75,1.5,0.35,1,4,1,0,7.93,1501805
3,3346,1336,2.4,1510,2.69,14.59,1.6,1.65,3.75,0,2,0,0,7.46,250000
5,5556,2753,3.1,2814,3.45,22.23,1.19,1.74,4.15,1,4,0,1,7.9,915653
4,6957,1423,3,6035,0.73,12.62,2.37,0.74,1.25,0,4,0,0,7.6,703980
4,8715,1860,2.3,6971,3.28,20.38,0.55,1.31,4.39,0,3,0,0,7.68,250000
5,5721,1990,3.7,3779,2.26,21.57,2.28,0.4,1.24,0,3,0,1,7.4,1547216
8,46468,3380,5,42952,22.91,2.01,7.82,3.52,0.55,0,4,0,0,8.07,5162773
7,3445,3060,3.9,1062,0.73,16.78,1.14,0.44,0.47,0,5,0,0,7.8,3053801
3,2590,1229,2.3,1222,1.79,18.4,0.83,0.41,1.79,0,2,0,0,7.49,250000
6,6923,2821,3.2,4810,0.14,19.4,0.86,0.25,1.3,1,6,0,1,7.81,2752231
4,3342,1293,2.7,2282,1.24,21.56,1.05,1.37,1.03,0,2,0,1,7.64,351680
3,7481,1674,1.9,6240,3.48,19.02,0.48,0.83,1.86,0,2,0,0,7.51,250000
6,4073,2372,3.6,2274,1.97,23.49,1.63,1.54,1.61,0,4,1,1,8.01,945462
7,16119,3635,4.1,12287,25.37,5.86,12.47,6.75,1.82,1,4,1,1,8.11,4232769
2,2224,922,1.8,1976,1.46,19.55,0.41,0.51,1.55,0,2,1,0,7.5,250000
7,3856,2635,4.8,1447,1.67,18.65,1.57,1.53,1.54,0,3,0,0,7.44,1433679
7,5323,3508,4.7,2630,1.66,21.05,1.32,1.69,2.42,1,5,0,0,7.86,2197670
4,6747,1903,3.3,5258,1.13,20.14,1.99,0.77,0.46,0,2,1,1,7.69,1513420
4,4427,1873,2.8,3406,2.91,15.96,1.43,1.25,4.2,0,3,0,0,7.68,250000
4,12362,2199,2.1,10912,17.9,8.39,8.67,3.12,1.17,1,3,1,0,7.64,2346379
8,6256,3346,5,2766,1.6,23.12,1.3,0.68,3.34,0,4,0,0,7.65,1917587
2,2029,1335,1.8,587,1.73,12.99,1.52,0.3,0.43,0,2,0,0,7.69,301539
10,22706,6008,5.7,17295,14.92,1.42,4.45,7.56,0.69,1,6,1,0,8.66,8496941
3,5720,1070,2.1,4754,1.36,13.47,0.95,0.46,1.53,0,3,0,0,7.56,250000
8,14354,4611,4.6,9323,27.39,8.63,12.5,6.72,0.69,0,5,1,1,7.99,6078836
3,15446,2042,3,13858,21.97,4.11,4.6,3.36,1.57,1,2,1,1,8.18,2012333
10,47752,6495,5.7,42157,18.9,9.06,10.22,7.06,0.17,1,6,0,0,8.42,11669032
2,2313,1131,1.5,1736,0.73,14.95,1.93,0.9,1.4,0,2,1,0,7.78,250000
10,33387,4425,5.7,29247,12.83,6.75,6.73,0.94,0.23,0,6,1,0,8.23,6891911
7,8069,2584,3.8,4894,2.72,19.29,0.94,1.92,1.48,0,4,0,0,7.74,1378655
2,3800,1143,1.8,2815,2.27,16.9,2.46,0.59,1.52,0,2,0,1,7.4,250000
10,32609,6035,5.6,27011,17.99,4.1,5.67,7.4,1.8,0,6,1,0,8.14,8524848
8,26123,3406,4.3,23073,27.98,3.96,6.48,5.29,1.62,0,4,0,0,7.87,4597896
2,41638,1440,1.2,39762,16.25,9.08,10.43,7.87,0.4,0,2,1,0,7.85,1762636
5,5984,2184,2.2,4990,3.67,20.7,1.68,1.12,2.02,0,4,0,0,7.62,608012
4,27860,1997,2.3,26009,25.14,2.28,11.13,2.09,0.13,1,3,1,1,7.83,2797416
8,34401,4035,4.1,31064,23.5,2.3,11.89,3.89,0.34,0,5,1,1,8.14,6397186
7,6412,3161,3.5,2725,3.51,21.08,1.21,1.86,4.25,0,5,0,1,7.9,1511631
10,44863,6370,5.6,39234,15.48,1.25,10.15,6.72,1.21,0,6,0,1,8.16,10179945
6,8591,2996,3.6,6740,21.98,7.68,4.1,3.15,0.51,1,5,0,1,7.48,3616502
8,4502,3054,5,1608,1.86,18.93,0.66,0.31,0.95,0,4,1,0,7.74,3137736
6,4261,2720,4.3,2680,2.42,18.02,0.67,1.06,1.39,1,4,0,0,7.86,2414032
6,4637,2677,3.9,2116,0.92,20.99,1.27,0.63,0.67,0,4,0,0,7.5,2541253
5,4488,1698,3.1,2875,1.4,23.36,0.62,0.1,0.23,0,5,0,0,7.47,1206621
5,37064,2907,3.5,34544,20.02,9.64,4.2,2.24,0.95,1,5,0,1,7.52,4246181
10,10980,6680,5.5,4701,19.34,9.93,9.4,6.25,0.11,0,6,0,0,8.57,9104134
7,4049,3110,4.2,1995,0.18,19.1,1.94,1.17,1.32,0,5,0,1,7.67,3316161
10,47396,6820,5.7,40871,26.87,4.92,11.55,5.62,1.64,1,6,1,0,8.63,10579139
5,2061,2010,3.7,0,2.29,21.49,1.11,0.19,1.18,1,3,0,0,7.92,1375609
5,1906,1341,3.4,1100,1.5,13.82,2.24,0.36,0.99,0,2,0,1,7.67,573464
8,8311,3290,5.4,4752,1.45,14.98,0.67,1.98,1.08,0,5,0,0,7.46,2633195
3,3442,1377,2.8,1929,1.09,14.44,1.84,0.27,1.71,0,2,0,1,7.56,445298
7,4954,3166,4.4,2196,1.34,17.11,1.11,1.2,0.22,0,5,0,0,7.65,3334589
5,7263,1710,4.2,5881,3.82,16.34,0.31,1.36,3.97,0,3,0,0,7.81,250000
6,3845,3087,4,724,1.93,18.87,0.79,0.7,1.42,0,5,0,0,7.84,2864874
6,7615,2726,4.4,5459,3.19,17.69,0.62,1.28,1.7,1,3,0,0,7.72,1489362
4,6072,2319,2.5,3962,3.74,23.22,1.77,1.06,1.3,0,2,0,0,7.63,676676
6,3165,2840,3.5,279,3.65,17.34,0.49,1.57,1.64,1,4,0,1,7.85,1401826
6,2734,2907,3,21,3.68,15.96,1.36,1,3.64,0,5,0,0,7.98,1122103
6,13911,2865,3.4,10816,27.93,1.73,11.21,6.02,1.4,1,5,0,0,7.83,3194735
8,6017,3468,4.8,2583,2.96,25.49,0.37,1.72,2.17,1,4,0,0,7.92,2088780
6,3201,1829,2.5,1793,1.27,12,2.26,0.11,1.42,0,2,0,0,7.42,1300756
4,2486,2224,2.8,587,0.92,20.12,1.93,0.92,0.57,0,4,1,0,7.76,1699974
9,8051,3253,4.9,5258,2.81,18.72,1.24,1.57,2.44,0,5,0,1,7.69,2322371
8,8360,3370,4.1,5995,3.35,16.52,1.37,0.38,4.13,0,5,0,0,7.39,2062096
10,37882,5380,5.3,32785,20.42,7.75,11.52,5.53,2,0,6,1,0,8.16,7295829
4,6475,1558,3.1,3825,0.72,21.84,0.91,1.02,1.5,0,3,0,0,7.4,791700
7,6779,3156,4.5,3461,3.62,22.45,1.3,0.3,1.38,0,4,0,0,7.58,2042221
4,7152,1940,2.7,5118,3.35,16.88,1.31,1.51,4.39,0,3,0,0,7.67,250000
7,4454,3045,3.8,1903,1.01,12.5,1.98,0.9,1.49,0,4,0,0,8.02,2778695
3,4074,1370,2.4,3128,2.15,12.54,1.08,0.98,1.65,0,2,0,0,7.87,252469
5,5922,2357,3.5,3824,1.76,14.77,2.43,1.02,0.44,0,3,0,0,7.74,2076532
5,6961,1595,2.5,6211,1.73,14.78,1.51,0.64,1.73,0,2,0,0,7.89,823922
6,4617,3138,3.8,1333,1.81,17.77,2.32,0.91,0.33,0,3,0,1,7.74,3196891
10,16103,6883,5.5,10275,18.03,6.24,4.78,3.28,1.62,1,6,0,1,8.15,10144489
10,37964,5463,4.9,33830,13.28,7.71,7.11,6.6,1.07,0,6,0,1,8.21,8355278
6,6987,2504,3.3,4684,1.96,16.76,2.3,0.86,1.26,1,4,0,1,7.8,2234496
2,4309,1525,2.1,3349,1.24,12.22,0.41,0.12,1.15,0,3,0,1,7.61,659364
3,7176,1747,1,5988,3.95,22.21,0.8,0.37,1.63,0,4,0,0,7.91,250000
7,6145,3145,4.7,3628,1.56,13.74,1.14,0.11,1.12,1,5,0,1,7.56,3563148
9,57310,4617,5,52773,25.49,2.76,8.16,2.12,1.09,0,6,0,0,7.77,7406935
4,2650,1828,2.7,1891,2.27,14.69,1.81,0.3,0.7,0,3,0,1,7.61,1204438
3,3545,1113,1.8,2133,1.59,16.16,1.68,0.11,1.77,0,3,0,0,7.64,250000
3,4597,1009,2.9,3971,2.17,14.05,1.09,0.2,0.33,1,3,0,0,7.53,250000
6,4341,2362,3.3,2515,1.62,24.06,1.8,0.78,3.95,1,3,0,0,7.53,667708
6,4621,2886,3.3,1635,2.42,20.98,0.31,0.29,0.23,1,4,0,1,7.59,2727156
6,4080,2304,4.1,1932,1.28,22.06,2.28,0.76,0.51,0,3,0,1,7.38,2207180
2,4873,1168,1.5,4228,1.88,21.63,1.5,0.31,1.44,0,2,1,0,7.77,250000
3,3446,1214,2.9,2702,0.9,15.37,1.92,1.08,1.72,0,3,0,1,7.6,250000
7,4241,3018,3.3,1365,1.94,25.56,1.77,1.4,1.4,0,5,0,0,7.93,1553104
10,49600,5796,5.5,43831,14.08,4.09,13.85,7.92,1.24,1,6,1,1,8.22,10004873
6,2678,3160,3.8,0,1.28,12.14,2.4,0.8,1.52,0,4,1,0,8.21,2956391
2,2250,950,2.4,1382,1.75,18.31,2.23,0.8,0.48,0,1,0,0,7.55,250000
5,2504,2233,3.7,0,1.8,20.11,1.17,0.29,0.95,1,3,0,0,7.57,1866414
5,2984,2974,3.2,1130,1.36,21.79,1.52,1.42,1.65,0,5,0,0,8.02,2404355
7,4087,3117,3.6,842,1.6,23.39,1.89,1.11,1.11,0,4,0,0,7.87,2909531
4,3193,2210,2,1021,1.76,16.68,1.73,0.85,1.16,0,4,0,0,7.62,673186
3,6035,1160,1.9,4118,1.21,18.96,1.85,0.68,1.35,0,3,0,0,7.86,250000
5,4524,1834,3.1,2762,0.57,19.38,2.49,0.61,1.04,1,3,0,0,7.43,1383826
2,6637,1137,1.6,5810,1.88,19.53,0.63,0.29,1.3,0,2,1,0,7.71,250000
10,30769,4368,5.6,27396,24.88,7.28,10.2,3.8,1.61,1,6,1,1,8.16,6036816
2,4262,1243,1,3895,1.93,23.25,1.6,1.84,2.33,0,2,0,0,7.24,250000
5,4089,2570,2.8,2628,3.97,20.57,1.24,1.85,2.31,0,3,1,0,7.93,866463
4,6465,1628,3.5,5391,0.88,23.01,0.33,0.37,0.82,0,3,0,1,7.5,1139394
2,2114,1174,2.4,1370,0.92,13.41,1.24,0.35,1.42,0,2,1,0,7.72,250000
8,6856,3120,4.2,3333,1.02,23.45,0.61,1.05,0.43,1,4,0,1,7.72,3211146
2,5148,1133,1.8,4280,1.25,16.01,2.25,0.2,1.51,0,2,0,0,7.31,250000
10,7025,5740,5.2,1737,16.05,3.96,8.2,2.99,0.28,1,6,0,1,7.93,8053303
10,15538,4579,5.7,11522,21.11,3.85,13.51,6.88,1.68,0,6,0,0,7.91,6602587
8,6212,3130,4.1,2544,0.8,15.64,1.16,1.24,0.12,1,4,1,1,8.11,3414639
5,3249,2587,3.5,995,1.08,22.5,1.37,1.62,1.6,0,4,0,0,8.07,952960
3,5221,1307,2,3120,1.4,23.49,1.68,0.17,1.78,0,3,0,1,7.55,263763
5,6398,2020,3.2,4959,1.15,16.89,1.1,0.84,1.13,0,2,0,0,7.79,1448108
8,5054,3132,5,2989,1.35,14.25,1.01,1.25,0.7,0,4,0,1,7.74,3330427
6,6656,2283,3.2,4082,3.39,19.78,1.61,1.52,2.1,0,4,0,0,7.81,758789
10,17698,5594,5.9,12606,26.82,1.1,8.14,7.42,0.49,0,6,0,0,7.63,7099503
4,5972,2007,2.9,4178,2.07,21.9,1,0.11,1.65,0,3,1,1,7.7,1431822
6,3733,2006,4.1,1743,0.51,18.93,1.26,1.43,1.69,1,3,0,0,7.8,1441755
6,2766,3067,3.7,0,1.21,17.01,0.89,1.35,1.54,0,4,0,0,7.56,2843872
5,2736,2422,3.6,760,3.32,25.4,1.32,0.38,1.31,1,4,0,1,8.01,906702
5,6992,1543,4.3,5080,1.52,15.38,0.55,0.89,0.7,0,3,0,0,7.59,982367
6,41402,1961,3.6,40201,25.84,8.35,11.54,4.16,1.54,0,3,0,0,7.47,2899428
6,2842,2565,4.2,0,3.57,22.85,0.81,1.99,3.32,1,4,0,0,7.47,881275
8,7907,2984,3.6,5285,1.36,16.95,0.24,0.21,1.79,1,4,0,0,7.8,1861054
7,4296,3220,4.1,796,2.36,25.98,0.2,0.4,2.06,1,6,0,0,7.56,2058066
8,2148,2712,4.7,602,1.72,16.94,2.27,0.68,1.31,0,3,0,0,7.78,2519169
7,7381,2498,3.5,4952,19.36,6.73,5.71,1.21,1.09,0,3,1,0,7.39,2961785
10,9882,4570,4.7,6148,25.54,9.88,10.99,3.54,0.88,0,6,1,1,8.2,6243948
3,5814,1476,2.4,3837,1.37,19.83,0.46,1.24,3.26,0,2,0,0,7.39,250000
4,5317,1906,3,3725,3.45,15.31,0.86,0.97,2.64,0,3,0,0,7.48,250000
6,2282,2189,3.3,57,0.16,23.6,1.05,1.07,1.48,1,4,0,0,7.56,1684758
7,8018,3494,5.2,3904,2.42,25.65,0.86,0.59,2.8,0,6,1,0,8.1,2208559
2,6044,1031,2.4,5639,0.9,13.13,0.49,1.02,0.76,0,1,0,1,7.68,250000
5,4208,3020,4.1,2082,0.96,19.34,1.1,0.23,0.87,0,4,0,1,7.79,3009735
7,16742,2640,3.8,12856,25.54,9.05,6.23,1.23,0.27,0,4,1,0,8.05,3350445
6,6156,2505,3.1,3554,0.13,14.78,1.63,0.8,1,0,3,0,0,7.63,2239745
5,2879,2296,2.8,941,1.86,19.92,1.35,0.17,1.73,0,4,0,0,7.99,1635528
7,2275,3126,4.4,0,3.22,15.69,0.76,1.35,2.74,0,4,0,0,8.13,1624193
5,18041,2602,2.7,15760,12.92,6.65,9.49,1.6,0.79,0,4,0,0,7.72,3629956
9,45613,4300,5,41377,24.88,7.11,6.44,4.62,1.16,0,5,1,1,8.24,7360504
4,8877,2001,2.3,6229,3.14,18.31,1.57,1.74,4.16,1,3,0,1,7.44,250000
3,6316,1203,3,4752,3.54,21.18,1.59,1.76,2.91,0,3,0,0,7.33,250000
7,7413,2953,4,4721,1.5,15.18,1.15,1.53,1.52,0,5,0,0,7.77,1740882
7,3033,3312,3.8,890,2.86,21.17,1.78,1.33,4.25,0,6,0,0,7.6,1781589
8,5444,3541,4.9,2001,2,25.79,0.3,1.43,2.59,0,5,0,0,7.63,2350645
5,5159,3163,3.9,2421,1.54,20.29,1.53,1.2,1.76,1,4,0,0,7.54,3102544
6,6960,2364,4.6,4279,2.2,21.69,1.73,1.28,0.59,0,4,0,1,7.61,2178310
7,3874,2820,4.7,1537,2.3,14.84,0.88,0.41,0.7,0,5,0,0,7.91,2821291
10,10018,5668,5.7,4545,12.73,1.23,8.4,4.23,1.65,0,6,0,1,8.23,7730213
5,4396,2072,4,2134,3.13,20.2,0.21,1.86,1.23,0,3,0,1,7.26,769305
3,5347,1540,2.4,3759,0.23,19.99,1.37,0.12,0.29,0,3,0,0,7.51,804066
2,5246,1741,1.2,3821,1.81,19.54,1.73,1.21,1.17,0,3,0,1,7.53,879263
5,3790,2374,3.3,1330,0.32,17.51,2.49,1.1,1.03,0,4,0,0,7.87,1838510
6,2320,2935,3.6,0,1.57,23.9,0.77,0.81,1.04,1,5,1,0,7.76,1646488
2,6856,1038,1.2,7077,2.16,21.22,1.13,0.13,0.11,0,1,0,0,7.5,250000
6,5774,3049,3.4,2680,2.3,13.65,1.41,0.23,1.73,0,5,0,1,7.75,2938389
10,34460,5353,5.7,29174,17.97,5.42,13.77,3.17,1.38,0,6,1,0,8.11,8598472
4,55380,1642,1.9,54231,24.33,1.86,6.15,4.11,1.2,0,5,1,1,7.74,2789699
5,6791,2356,1.7,5902,3.07,17.88,0.44,1.4,1.86,0,3,1,0,7.58,864588
3,5295,1629,2.6,3439,0.65,16.56,1.6,1.04,1.2,0,3,0,0,7.87,728067
7,4059,3045,4.6,1233,1.31,20.7,2.12,0.39,0.47,0,4,0,0,7.98,3146859
4,2149,2218,2.6,466,0.97,16.21,1.81,0.75,1.38,1,3,0,0,7.53,1566518
3,4993,1208,2.1,2939,2.89,15.19,1.17,1.11,2.73,0,1,0,0,7.44,250000
6,6122,2970,2.9,2773,3.22,24.24,0.8,0.82,3.91,1,4,0,1,7.95,1180405
7,5998,2963,4.5,3563,1.99,22.18,0.52,1.39,1.16,0,3,0,0,7.93,2900222
7,2921,3341,4.4,0,3.64,22.97,1.68,1.2,2.57,0,6,0,0,7.39,2029443
2,8377,1018,3.1,7209,1.4,15.44,1.68,1.39,4.33,0,2,0,0,7.27,250000
6,3545,2731,3.8,732,0.54,16.16,0.44,0.88,1.14,0,4,1,1,7.63,2654163
10,36954,4831,5.5,32681,19.41,2.71,9.89,5.96,0.8,0,6,1,0,8.05,7647384
5,5568,2373,2.7,2694,2.25,18.24,1.47,1.09,0.65,0,3,1,0,7.68,2026748
5,3812,1709,3.5,2540,2.23,12.71,2.44,0.11,1.71,1,2,0,0,7.45,1088056
2,5327,1392,1.3,4318,1.7,22.34,1.73,0.27,1.08,0,2,0,0,7.84,250000
8,3649,2717,4.6,697,2,21.84,0.81,1.46,3.34,0,4,0,0,7.48,1342461
6,6064,2472,3,3894,1.19,14.97,0.63,0.74,1.6,0,4,0,1,7.92,2113268
8,7844,3475,5.1,5366,2.5,21.26,1.18,1.61,3.88,1,5,0,0,7.85,2214665
7,2327,2882,4.9,0,3.32,22.67,1.43,0.98,4.48,0,5,0,0,8.16,1061063
6,6598,2182,4.5,5017,1.36,17.23,0.43,1.34,0.64,0,5,0,0,7.66,2072799
6,2257,2425,3.6,0,1.12,13.5,1.78,0.39,0.97,1,3,0,1,7.6,2177986
4,8429,2177,1.8,6283,2.88,21.31,0.86,1.31,1.91,0,4,0,0,7.91,472869
7,4479,3367,4.7,850,1.41,22.65,1.3,1.44,4.27,0,4,1,0,8.05,1817787
10,35882,5461,4.5,31331,16.84,7.51,7.43,7.3,0.41,0,6,0,0,8.72,7603979
3,5248,1883,1.8,3508,2.37,15.13,1.68,0.96,0.58,0,2,0,0,7.49,1169420
5,5167,2525,4.1,3210,2.36,13.04,0.56,0.17,1,1,5,0,0,7.72,2373232
3,4363,1639,2.4,2930,1.46,17.84,1.18,1.95,2.95,0,3,0,1,7.33,250000
3,4905,1105,1.9,3991,1.94,23.03,2.35,0.25,1.05,1,3,0,0,7.3,250000
10,27891,5063,6.1,23244,23.71,7.78,11.36,2.88,1.4,0,6,0,0,8.09,6912045
8,23615,3211,4.7,19959,21.03,3.7,13.1,3.52,1.03,0,5,1,1,8.09,5153856
2,5860,1356,1.7,3731,1.85,12.19,2.05,0.13,0.5,1,2,0,1,7.55,540636
4,5765,1662,2.9,3932,1.9,16.46,2.48,0.34,0.1,0,3,1,0,7.93,1090684
10,44187,6953,5.8,37867,13.44,5.55,10.85,5.86,1.61,1,6,0,1,8.61,10787424
3,5694,1908,2.6,3535,0.51,13.09,1.86,0.64,1.65,0,3,0,1,7.52,1231322
3,3336,1885,1.9,742,2.41,19.84,2.02,0.56,0.35,1,4,1,0,8.06,1148214
3,6574,1359,2.3,5891,1.87,16.17,1.11,0.74,1.57,1,3,0,1,7.58,487452
10,42805,6320,5.4,37412,12.49,8.74,10.98,2.03,0.15,0,6,1,0,8.31,9965083
5,24029,2296,3.7,21722,12.13,3,12.89,4.64,1.3,1,4,0,1,7.5,3250373
3,3427,1117,1.8,2694,1.5,23.92,1.53,0.86,0.17,0,1,0,1,7.79,250000
4,2633,1596,2.4,1995,2.74,15.05,0.88,0.79,3.85,0,2,0,0,7.8,250000
7,3580,3129,5,910,1.43,23.2,1.79,0.14,0.23,1,4,0,0,7.8,3348988
6,14734,2502,3.9,12619,14.9,1.06,12.55,4.97,0.59,1,3,1,1,7.82,3127975
5,54513,2963,2.6,51451,12.37,8.63,7.77,3.17,0.76,1,4,1,1,8.04,5236162
2,2057,1128,2.2,1067,0.88,18.05,2.49,0.71,0.99,0,3,1,1,8.26,250000
9,3251,3249,4.7,0,3.88,20.8,1.29,1.75,2.31,1,5,0,0,7.8,1915507
10,59368,6353,4.7,53546,25.83,2.63,12.38,2.02,0.48,0,6,0,0,8.19,9846769
6,4131,3200,2.9,1372,3.94,15.44,0.23,1.62,1.67,0,5,0,0,7.77,1655037
8,23000,3509,4.1,19648,17.27,0.29,13.55,1.8,0.65,1,5,1,1,8.22,5122657
5,4473,2499,3.4,2636,1.35,14.27,1,0.23,0.84,0,4,0,1,7.63,2308761
4,5305,2221,3.2,3454,1.58,18.81,2.06,0.55,1.3,0,3,0,0,8.04,1494402
4,2167,1749,2.9,910,1.36,18.74,1.62,0.87,0.52,0,2,0,0,7.25,1123634
10,25304,4911,6,20578,26.21,6.45,9.66,4.9,1.04,1,6,1,0,7.83,7291576
2,7218,1211,2.3,7121,2.55,21.41,0.67,1.92,2.82,0,3,0,1,7.39,250000
4,4114,2325,2.7,2013,2.14,14.78,1.36,1.01,0.86,0,4,0,0,7.58,1803215
5,1814,2211,3,0,1.03,22.78,0.39,0.16,1.61,1,4,0,1,7.61,1572718
5,5454,2460,3.1,4110,1.41,20.38,1.71,1.19,0.51,1,3,0,0,7.53,2294000
10,24542,4777,4.8,20703,24,9.08,8.38,3.4,0.92,0,6,0,1,8.03,7216060
5,2349,2249,3.2,587,0.4,13.79,2,1.15,1.53,1,4,1,1,7.45,1955074
3,6542,1872,2.4,4467,3.31,15.11,1.45,0.26,2.74,0,3,0,0,7.45,250000
3,4310,1263,2.4,3624,1.76,18.91,1.93,0.19,1.74,0,3,0,0,7.64,250000
4,5619,1707,2.8,3373,0.83,14.42,2.11,0.46,0.58,1,2,0,0,8.02,996061
3,3744,1696,1.9,2985,0.69,19.85,0.94,0.95,0.96,0,4,0,1,7.65,844325
6,2513,3024,3.7,0,3.94,15.06,1.52,0.88,1.5,1,4,0,0,7.68,1635659
2,5624,1358,2.8,4684,1.58,15.36,1.75,0.86,0.82,0,3,1,1,7.62,624006
6,4616,2404,3.1,3174,2.94,21.74,1.28,1.42,1.38,0,3,0,0,7.37,1034169
3,1982,985,2.6,937,0.33,18.92,2.2,0.46,0.16,0,1,0,1,7.6,250000
3,17075,2060,2.7,14878,23.24,3.84,7.18,5.63,0.73,0,4,0,1,7.47,2229860
6,3165,2226,2.9,1009,1.42,15.29,1.83,1.34,0.17,0,4,0,1,7.56,1978017
7,3515,2786,3.9,1444,0.57,18.58,2.02,1.26,1.23,0,5,0,1,7.81,2744031
6,5324,2538,3.3,2849,1.72,23.36,1.11,0.16,1.64,1,4,0,1,7.76,2153502
6,5542,2786,3.5,2605,3.77,22.81,1.74,1.01,2.85,1,3,0,1,7.91,1194815
4,4317,2168,3.6,2027,2.27,17.12,0.66,0.54,2.18,0,2,0,0,7.53,583488
7,6057,2334,5.5,3514,2.4,22.85,0.63,0.16,0.78,0,3,0,1,7.87,2203288
3,5953,1669,2.9,4833,1.01,20.51,2.34,1.1,1.42,0,3,0,1,7.52,952324
7,49967,2711,4.2,47819,23.47,2.03,4.93,4.94,1.83,0,4,0,0,7.6,4454770
5,6371,2524,2.5,4170,2.2,13.67,1.18,0.5,0.12,0,3,0,1,7.95,2302226
8,8787,3377,4.9,5686,2.65,19.34,0.2,1.48,2.98,0,5,0,0,7.89,2100636
5,2945,2305,3.6,1480,3.79,20.08,1.46,0.25,3.55,1,3,0,0,7.6,543234
4,8621,2073,2.6,5637,2.7,24.62,0.71,1.41,3.65,0,3,1,0,7.65,286088
10,48899,5929,5.8,43803,18.24,4.96,9.93,6.49,1.71,0,6,1,1,8.32,9046606
6,8634,1771,4.3,7228,1.62,24.77,0.44,1.44,2.05,0,3,0,0,7.36,488469
4,6727,1857,2.6,5983,0.92,17.36,0.78,0.24,0.35,0,2,0,1,7.98,1239315
3,6049,1271,2.3,5027,0.88,17.89,1.61,0.88,0.27,0,3,0,0,7.62,431578
2,5333,1328,2.3,4196,2.32,15.95,1.4,0.5,2.69,0,2,0,0,7.5,250000
10,31440,6981,5.3,25097,14.51,7.15,10.53,7.08,0.28,1,6,0,0,8.48,9632603
10,26811,6523,5.4,21393,15.91,7,11.36,2.77,0.15,0,6,0,1,8.65,10032904
5,28109,2209,2.9,25185,24.72,4.65,12.27,3.95,0.51,0,4,0,0,7.44,2759907
2,4403,1299,2.1,3832,1.04,16.63,0.93,1.5,0.23,0,2,0,0,7.43,383291
6,3938,2533,3.1,1890,0.69,12.22,1.38,0.73,0.2,0,4,0,0,7.5,2431990
3,6164,1690,2.5,5129,1.21,23.06,1.14,1.72,1.91,1,2,0,0,7.38,250000
10,33498,5030,5.5,28403,19.93,4.64,12.48,2.92,0.17,1,6,0,0,8.13,7497041
6,5072,2448,4.2,1879,1.27,14.1,0.52,0.54,0.89,1,3,0,1,7.9,2239392
3,3940,1970,3.2,3013,1.16,19.5,0.67,1.31,1.04,0,3,0,1,7.37,1388460
5,5325,2798,2.9,2659,1.01,21.04,1.17,1.54,4.11,0,4,0,1,7.32,1124132
6,6226,2918,3.8,4157,0.74,19.46,0.87,0.42,0.14,0,3,1,0,7.77,2964417
4,2186,1578,2.3,755,2.16,20.26,2.23,0.25,0.87,0,3,0,0,7.46,710953
6,3906,2674,4.1,943,0.44,13.89,1.68,0.9,0.36,0,3,0,0,7.89,2508046
4,5432,1699,3.3,4589,1.14,14.83,1.96,1.13,0.14,0,3,0,0,7.95,1162128
10,42549,6329,5.1,37436,26.2,4.2,5.37,5.34,1.76,0,6,1,0,7.97,9688245
6,8282,2793,2.9,5245,3.38,17.39,0.66,1.76,3.15,1,5,0,0,7.5,1358930
3,6371,2451,2.1,3681,1.3,14.53,1.05,0.9,0.36,0,4,1,1,8.2,1987240
3,2995,1771,2.9,1579,1.94,21.15,1.13,1.86,3.77,0,2,0,1,7.54,250000
3,7932,1063,1.6,6410,1.39,24.15,1.37,0.95,4.11,0,3,1,0,7.56,250000
3,6452,1130,2.4,5982,1.58,16.08,2.07,0.93,0.76,0,3,0,0,7.35,302042
4,3512,1751,3.7,1313,1.9,22.4,1.94,1.01,1.4,0,2,1,1,7.88,1008377
7,8552,2534,4.4,5581,1.72,16.59,1.09,1.83,1.25,0,3,0,0,8.06,1356495
7,5820,3478,4,2284,3.64,25.49,0.82,1.78,3.67,0,5,0,0,7.77,1925865
6,4308,2787,2.7,2100,2.31,24.28,0.83,1.04,2.51,0,4,0,0,7.27,1338954
5,1992,2481,3.3,0,2.48,23.03,1.8,1.28,0.53,1,5,1,0,7.79,2172286
6,11311,2398,3.5,9320,23.53,1.91,5.58,4.8,1.69,0,5,0,0,7.57,2525824
3,3646,2576,3.2,657,1.54,22.96,0.62,0.18,1.01,0,3,0,0,7.52,2069702
5,20822,1948,2.9,18877,15.76,3.7,4.35,1.82,0.72,0,3,1,1,8.16,2343778
10,9363,5211,5.7,4560,16.62,0.93,8.89,1.94,1.5,1,6,0,0,7.8,7401402
6,5187,3101,4,2752,3.07,15.34,0.98,1.46,1.3,0,4,0,0,7.85,1766464
8,4674,3400,4.5,2352,2,20.45,1.11,1.15,2.67,1,3,0,0,8.2,2003430
8,53201,3596,4.3,50009,24.98,2.74,10.6,1.54,0.14,0,5,1,0,7.99,5735574
7,2481,3187,4.5,0,0.78,20.65,0.78,1.33,0.76,0,4,0,0,8.47,2866051
6,2455,2523,3.2,902,1.01,17.18,1,1.84,1.44,1,3,1,0,8.06,1078092
5,4152,1768,3.2,2126,0.81,23.93,1.91,0.64,1.51,0,2,0,0,7.69,999571
10,56515,5186,5.5,52263,20.3,8.84,9.68,1.71,0.8,1,6,0,1,8,8224651
10,39044,6022,5.6,34326,16.08,7.55,6.02,4.73,0.92,0,6,0,0,7.9,8797446
4,2850,1788,3.3,791,1.69,16.68,1.22,0.89,1.6,1,2,1,1,7.91,270025
10,57140,4768,6,52849,14.47,1.81,9.84,3.2,1.83,0,6,1,0,8.25,8221687
10,16682,5939,6,10592,14.6,4.68,5,5.29,0.99,1,6,0,0,8.56,8559057
6,3642,2744,4.2,1688,0.67,17.92,1.69,1.04,1.34,0,5,1,1,8.11,2467783
8,5134,3246,5.3,2086,3.07,21.9,0.55,0.93,2.52,0,4,0,0,7.56,2057442
7,3124,2696,4.5,0,0.53,17.58,1.78,1.45,1.8,0,3,0,1,7.71,2544330
3,6913,1433,1.7,5293,0.63,20.58,0.7,0.66,0.6,0,1,0,0,7.4,592640
5,4211,2118,3,2860,2.42,22.86,1.64,0.15,1.14,1,3,0,0,7.44,1636740
7,29382,2334,4.6,27249,24.2,2.35,5.44,4.85,1.38,0,3,1,0,7.92,3162216
3,50545,1826,2.3,49363,20.98,4.12,12.06,1.2,0.47,1,3,0,1,7.61,2990827
2,2617,1249,1.3,1908,2.19,25.33,1.65,1.04,1.5,0,4,0,0,7.39,250000
7,42108,2783,4.9,39286,21.77,4.17,10.35,4.21,1.02,0,3,1,0,8.13,4484804
7,5184,3111,5,2810,0.56,22.91,1.63,0.93,0.19,0,5,0,0,7.87,3268154
4,3800,1669,2.6,2243,2.18,17.73,2.49,1.13,1.55,0,2,0,0,7.35,860103
7,2548,2770,5,0,2.62,21.77,0.64,0.7,3.8,1,4,0,0,7.66,1224793
6,1880,2590,3.7,0,0.12,22.47,0.42,1.01,0.74,0,5,0,1,7.95,2342924
6,6235,2624,4.3,4377,1.34,18.14,1.55,1.26,1.36,0,4,0,1,7.61,2449386
5,3265,2257,2.6,1574,2.23,19.64,0.83,1.31,1.17,0,4,0,1,7.92,1574814
5,3996,1552,3.8,2833,1.39,16.9,0.45,1.31,3.1,0,2,0,0,7.86,250000
8,2464,2906,4.6,363,0.3,14.27,0.91,1.49,0.81,0,5,1,1,7.62,2996414
10,42958,4880,5.3,38239,24.13,5.7,5.59,3.1,1.16,0,6,1,1,8.27,7498126
5,4472,1978,4,2453,1.47,24.02,1.01,1.2,4.09,0,3,1,0,7.33,315493
7,2265,3196,3.4,0,1.91,19.46,1.59,0.81,0.54,1,5,0,0,8.08,3114862
10,52471,5195,6,48255,15.21,0.91,4.48,5.21,0.17,1,6,0,0,8.19,8533512
2,8516,1541,1.5,6856,3.07,25.87,1.26,0.32,3.06,0,4,0,0,7.81,250000
4,25138,1712,3,23723,15.12,9,10.99,6.49,0.34,0,4,0,1,7.88,1969212
3,4254,941,2.3,3203,0.29,19.3,0.73,1.07,1.44,0,2,1,0,7.69,250000
2,2569,1007,1.6,1676,0.57,22.72,1.73,1.13,1.16,0,3,1,0,7.66,250000
2,28998,1412,2.3,27989,19.98,6.27,11.76,7.59,1.84,0,2,1,0,7.65,1301913
3,4282,1810,1.2,1900,1.27,23.28,1.75,0.51,0.39,1,3,0,1,7.45,1101388
10,39233,5016,5.5,34813,19.96,9.11,10.94,3.55,0.55,1,6,1,1,8.3,8312702
8,5600,3150,5.4,1989,1.36,15.13,1.56,1.07,0.45,0,5,0,1,7.6,3451314
7,4347,3142,5,1235,1.93,22.22,1.41,0.84,0.45,0,6,0,1,7.68,3255612
4,41512,2040,2.9,40989,14.3,2.87,9.94,6.22,0.62,1,2,0,0,7.77,2942780
7,2203,3193,4,206,0.75,13.69,1.84,1.25,0.21,0,5,0,0,7.87,3364248
8,27997,3837,5.7,24743,25.58,1.26,9.65,6.03,1.53,0,5,1,0,7.9,5172908
2,4371,1108,1.1,3346,1.52,17.11,0.48,0.57,3.69,1,3,0,0,7.65,250000
7,3887,3063,4.4,1215,2.49,14.08,1.15,1.64,1.88,1,5,0,0,7.78,1798705
7,4197,3096,3.9,1686,0.81,17.87,1.15,0.98,0.43,1,5,0,1,7.68,3246419
5,2625,1799,3.9,936,0.81,19.19,1.1,1.09,0.97,0,3,0,0,7.92,1085810
4,2620,1526,2.9,1171,0.34,23.12,2.22,0.53,0.52,0,3,1,0,8.07,672780
8,31791,2702,4.6,29689,21.6,2.79,6.55,6.61,0.39,0,5,1,0,8.25,3647299
4,3336,1835,1.6,1492,1.38,17.84,1.88,0.76,1.64,0,4,0,0,7.26,1053479
5,5915,2423,2.6,3961,1.17,18.93,1.99,1.14,0.42,0,3,0,1,7.61,2220633
5,2637,2552,3.2,794,2.07,19.2,0.88,1.34,3,1,4,1,0,7.85,856881
4,1980,1825,2.7,0,0.79,15.17,2.4,0.43,0.32,0,3,0,0,7.71,1174667
3,6266,1635,2,5639,0.79,15.93,1.99,0.34,0.75,1,3,0,1,7.47,1034765
9,35572,4774,5.1,31798,27,5.68,4.06,7.07,0.64,0,6,1,1,8.35,6443304
9,44617,4423,5.5,40483,18.13,4.19,8.33,3.31,1.43,1,6,0,1,8.04,6871864
2,8697,1096,1.3,6895,1.88,14.83,1.61,1.27,2.87,0,2,0,0,7.32,250000
3,3162,1304,1.7,1818,2.92,24.21,0.31,0.39,2.98,0,2,1,0,7.54,250000
10,26360,6174,5.6,20222,19.54,2.83,6.6,4.89,0.25,0,6,1,1,8.34,9515688
10,11785,5566,5.5,6348,21.27,3.71,4.79,5.15,0.15,0,6,1,1,8.41,7771364
4,15097,1655,2.7,13135,15.43,7.83,10.32,2.42,1.51,0,2,1,1,7.91,1619218
4,3872,2060,2.8,3107,0.87,23.72,1.9,0.77,1.38,1,4,0,0,7.41,1485955
4,5697,1567,2.8,4071,2.48,14.01,1.58,0.22,1.02,0,3,0,1,7.45,250000
6,2595,2207,3.7,639,0.35,14.42,0.82,0.72,0.18,1,3,0,0,7.78,1901502
7,3759,3162,3.8,1122,3.21,17.32,1.41,0.64,3.36,0,3,0,0,7.63,1628618
6,5674,3156,3.5,2635,1.97,22.33,0.31,0.27,1.05,1,4,0,1,7.82,3119342
10,16088,3901,5.6,13177,12.71,0.59,13.43,6.64,1.11,0,5,1,1,7.56,5516975
10,54739,6958,4.8,48544,20.81,3.57,6.4,1.05,1.48,1,6,1,0,8.28,10092911
6,4697,3015,3.5,1395,3.71,17.39,1.74,1.32,4.07,0,4,1,0,7.83,1364586
5,4639,3185,3.3,1949,1.46,12.02,2.35,0.43,1.27,1,4,0,0,7.43,3221833
7,4167,2616,4.6,2474,2.24,19.02,1.89,0.61,0.94,1,2,0,1,7.7,2556881
6,8724,1940,4.4,6059,1.88,21.21,0.55,1.2,1.54,0,2,0,0,7.81,589244
3,4031,1253,2.4,2875,1,21.16,0.54,0.22,2.26,0,2,0,0,7.61,250000
10,29979,4487,5.4,26379,20.04,8.07,6.67,2.03,1.53,0,6,1,1,7.84,7160085
5,23369,2252,3,21098,27.8,7.51,8.15,7.54,0.27,1,4,0,0,7.54,2572613
5,4475,2273,3.5,2261,0.18,16.96,2.13,0.72,0.39,0,2,0,0,7.23,2212196
6,6939,2891,3.4,3678,2.23,20.23,0.65,0.9,1.5,0,4,1,1,8.09,2560919
7,4976,2961,4.7,2584,1.44,20.8,1.3,0.83,1.28,0,5,0,1,8.03,2877645
6,2888,2928,4,247,0.24,14.72,1.07,1.15,1.05,0,3,0,0,7.83,2727696
6,6906,2969,3.8,4744,0.57,18.06,1.62,1.25,1.61,1,4,1,1,7.95,2864951
6,26637,2164,4,25008,20.17,3.51,7.52,5.44,1.78,0,5,0,0,7.83,2727675
7,56095,2642,4,53412,23.48,6.17,11.34,2.7,1.42,0,4,1,1,8.21,4549970
10,18904,4511,5.8,14733,25.26,8.75,6.87,1.55,0.54,0,6,1,1,7.98,6648935
4,6024,1302,2.2,4300,2.22,13.46,0.67,0.77,1.71,0,3,1,0,7.67,409090
2,2952,1174,1.2,1628,1.66,20.96,1.79,1.39,0.35,0,2,0,1,7.66,250000
3,27005,2016,2.5,25571,27.84,6.62,13.82,4.28,0.85,0,2,0,0,7.5,2264671
4,5529,1620,3.2,2650,0.49,18.93,0.77,0.48,1.16,0,2,0,0,7.45,980837
4,3945,1845,2.6,2765,3.69,19.06,1.15,0.39,1.63,0,3,0,0,7.42,250122
3,6094,1197,1.4,5864,0.41,14.69,1.51,0.45,0.96,0,2,0,0,8,250000
3,2757,1047,2.6,1148,1.98,15.8,1.65,0.52,2.38,0,2,0,0,7.33,250000
8,7607,3864,5.5,4205,27.69,6.67,7.55,1.85,1.93,1,6,0,0,7.62,4827029
10,46502,4610,5.3,42550,19.82,2.71,8.75,5.42,1.59,0,6,0,0,7.45,6903440
2,2751,1124,2.4,2161,0.68,15.16,0.84,0.4,1.35,0,2,0,1,7.77,250000
10,22286,6611,5.8,15854,17.13,5.49,8.6,6.44,0.22,0,6,1,1,8.74,8728574
3,3944,1675,1.9,2433,1.67,23.82,2.09,0.37,1.08,1,4,0,0,7.42,817803
10,26910,6667,5.7,21232,18.25,2.2,5.19,6.96,0.16,0,6,0,1,8.42,8665458
4,2119,1746,3.2,965,1.31,21.19,1.4,1.2,0.3,0,3,0,1,7.53,1147682
3,4338,1586,2.1,3201,3.91,24.95,0.91,0.45,3.55,0,1,0,0,7.46,250000
7,5669,3043,4.1,3492,0.48,17.59,0.99,0.6,0.79,0,4,1,0,7.61,3196434
7,3103,3120,4.3,16,0.83,19.84,0.6,1.25,1.02,1,4,0,1,7.85,3038531
5,11827,1928,3.6,9647,23.47,3.29,10.59,4.73,1.97,1,3,0,1,7.45,1871715
4,2638,2698,2.9,114,1.78,13.06,1.67,1.32,1.29,1,5,0,1,7.76,2259881
9,4257,2967,4.9,2081,1.9,23.33,0.8,0.84,0.64,0,5,0,0,7.88,2941718
5,6659,2638,3,4011,0.76,12.07,2.06,0.69,1.19,0,5,0,1,7.57,2583698
4,3445,1880,2.6,2468,3.23,21.92,0.63,0.42,1.15,0,3,0,0,7.41,315349
5,3708,2651,3.9,789,1.89,16.98,0.56,0.49,0.96,0,5,0,0,7.74,2306734
7,7564,3107,4.1,4657,3.98,15.05,0.99,1.14,3.82,1,5,0,0,7.5,1803806
5,6281,2317,2.6,4392,2.47,13.62,1.08,0.54,1.6,0,3,0,0,7.46,1856720
2,6462,1056,2.3,6021,0.34,14.94,2.4,0.22,1.49,0,1,0,1,7.73,250000
6,4456,2310,3.8,1989,0.49,12.92,0.73,0.69,1.61,0,3,1,0,7.81,1982142
7,2236,2508,4.5,475,1.27,14.32,1.6,0.86,0.25,0,3,0,1,7.47,2497274
2,3100,903,1.6,3082,1.66,12.51,0.76,1.11,1.23,0,2,0,0,7.68,250000
4,8380,1420,2.9,6729,3.45,16.36,0.24,1.13,2.11,0,2,0,0,7.34,250000
6,2243,2890,3.2,63,0.21,16.57,0.52,1.18,0.63,0,4,0,0,7.95,2569037
7,6234,2704,3.8,3806,19.03,5.72,13.16,7.22,1.31,0,4,0,1,7.96,2988652
8,3909,3312,3.8,1574,3.43,15.92,1.52,1.95,3.23,0,4,1,0,8.03,1802414
4,3216,1801,3.6,1811,0.13,23.63,1.47,1.18,0.54,0,3,0,0,7.82,1078036
10,34985,6441,5.5,29138,19.78,5.75,7.82,5.26,0.71,0,6,0,0,8.54,9871123
5,39445,2025,4,36941,13.42,7.82,10.5,1.97,0.58,0,4,1,1,7.97,3578942
3,5499,1590,2.4,4385,3.65,20.39,1.15,1.98,4.45,0,3,1,0,7.74,250000
5,6733,2324,2.9,4596,0.65,16.61,1.89,0.52,1.6,0,3,0,1,7.95,1922829
8,4779,3073,4.7,1411,2.03,16.76,0.7,0.99,1.75,1,6,0,0,8.08,1935109
4,3705,1143,2.5,3230,2.47,13.03,0.67,0.77,1.57,1,3,0,1,7.62,250000
4,3460,1625,3,2173,0.36,20.75,0.6,0.17,1.42,1,4,0,1,7.83,884534
7,7914,3243,5,4952,1.53,16.36,0.23,0.44,1.92,0,6,0,0,7.63,2332960
6,2942,2772,3.2,53,1.89,19.31,0.83,0.34,0.19,0,3,0,1,7.98,2484347
4,23061,1496,2.7,21945,26.39,9.25,4.51,0.84,1.65,0,2,0,1,7.5,1444637
3,12361,1946,1.7,10847,17.17,6.43,11.11,7.14,1.13,1,4,1,0,8.27,1642486
6,2077,2896,4.9,0,1.39,18.85,1.52,1.16,0.35,1,5,0,1,7.88,2984952
6,3755,2677,3,1070,1.49,16.82,1.7,1.13,0.14,0,5,0,1,7.88,2490024
7,2700,2565,4.3,83,1.3,21.18,2.2,0.45,1.26,0,4,1,0,7.74,2295242
5,23457,2739,3.1,21578,22.38,0.65,5.71,3.74,0.78,0,4,0,0,7.55,3352338
10,44220,5635,6.1,38692,22.91,1.24,13.58,7.35,0.55,0,6,0,0,8.09,8161409
3,8164,1430,3.4,6635,3.68,18.68,1.55,1.12,4.02,0,3,0,1,7.56,250000
6,6751,2614,4.5,4476,0.93,15.66,1.72,0.93,1.66,1,4,0,1,7.76,2460097
4,5536,2196,3,3621,3.51,17.82,0.94,0.56,1.88,0,2,0,1,7.58,681719
4,6670,959,2.5,6249,1.49,19.17,2.03,1.43,0.7,0,2,0,0,7.67,250000
10,40170,5119,6.4,34992,13.66,6.72,8.54,5.49,0.72,0,6,0,1,8.18,8264770
7,4339,3036,4.5,1270,2.49,16.32,1.4,0.44,1.62,1,5,0,1,7.91,1992801
5,5497,2488,3.1,2875,0.85,20.83,1.51,0.88,0.72,0,4,1,0,8.03,2142060
8,7633,3539,4.7,4156,3.58,20.69,0.78,1.07,3.95,0,6,0,0,7.54,2164911
10,8822,6595,6,3228,12.02,9.4,8.55,1.54,1.38,0,6,0,0,8.2,9316955
5,4116,2354,2.5,2398,1.63,19.01,0.94,1.43,0.77,0,3,0,1,7.79,1811270
2,2168,1392,1.7,0,1.61,12.34,1.6,1.44,1.45,1,2,1,0,7.76,307141
5,4130,2974,3.4,750,0.54,21.68,0.34,1.39,0.95,0,5,0,1,7.43,2671758
2,5779,1345,2.4,4189,1.59,15.7,1.31,1.15,2.5,0,3,0,1,7.6,250000
7,24665,3323,3.9,21473,27.11,9.16,9.48,3.44,1.75,0,5,1,0,8.46,4427867
8,32611,3678,5.6,29471,21.84,6.65,11.51,5.61,1.52,0,5,1,1,8.04,5451351
4,2584,2454,2.7,0,1.83,18.43,0.94,1.59,2.76,0,4,0,0,7.63,650458
9,7735,3501,5.1,4207,3.24,19.15,0.68,0.43,3.2,0,4,0,0,7.65,2384493
3,2635,1457,2,757,1.34,18.16,0.75,1.69,1.79,0,3,0,0,7.35,250000
4,6903,1589,3.2,5403,0.77,23.68,1.9,0.92,1.29,0,2,0,0,7.39,899393
5,5124,2232,3.3,3116,2.19,21.49,2.42,0.94,1.29,0,5,1,1,7.82,1825270
8,4009,2828,4.6,1309,2.24,15.42,1.81,0.21,0.8,0,5,0,0,7.81,2706630
6,4475,2472,4,2060,0.31,22.44,1.61,1.49,0.14,1,3,0,0,8.22,2110418
6,3997,2465,3.7,1747,3.13,21.02,1.3,0.66,3.91,0,4,0,0,7.71,719296
6,2636,2913,4.8,0,0.97,17.22,0.79,0.7,0.49,0,5,0,1,7.57,3002499
2,2231,964,1.5,2085,1.36,16.05,2.42,0.34,1.45,1,3,0,0,7.58,250000
4,7288,1283,3.7,5887,3.83,20.61,1.24,0.26,4.36,0,1,0,0,7.49,250000
7,8463,3114,3.9,6006,1.66,23.58,1.73,0.45,4.43,1,5,0,0,7.64,1750909
2,7955,1813,1.6,5632,2.57,14.1,1.3,0.55,2.68,1,3,0,1,7.43,250000
6,8924,2674,3.4,7025,1.38,19.49,0.95,1.64,4.21,0,4,0,0,7.59,1115275
10,19814,5284,4.8,14690,18.48,0.51,8.13,4.76,0.39,0,6,0,0,8.07,7736373
6,5046,3517,3.3,2223,1.2,23.96,0.99,0.21,1.92,0,5,0,0,7.79,2281319
4,3176,1004,3.3,2281,0.96,15.06,1.14,0.91,1.34,0,1,0,0,7.55,250000
6,1833,2555,4,0,1.09,13.24,2.43,1.19,1.33,1,4,0,0,7.69,2264117
7,5755,2616,4.3,3330,1.3,16.17,1.18,1.38,1.09,0,3,1,0,8.04,1452077
2,4563,976,2.1,4356,2.46,21.9,1.7,0.19,0.23,1,3,0,1,7.6,250000
10,13089,5510,5.5,8473,27.09,3.45,7.66,1.4,1.32,1,6,0,0,8.04,8034960
3,6384,1968,2,3824,1.26,14.26,0.89,1.07,3.88,0,3,0,0,7.41,250000
4,6735,2332,3.8,4350,0.24,12.75,1.65,0.86,0.22,0,3,1,0,7.81,2170579
6,5488,2733,3.2,2807,2.63,18.78,1.38,0.25,2.89,1,4,1,0,8.12,1194930
3,4733,1636,1.8,2514,0.48,20.96,0.3,0.91,1.57,1,3,0,1,8.11,550561
5,2271,2017,2.5,806,2.02,19.54,0.53,1.34,1.66,0,3,1,0,8.04,1143328
10,45538,6214,6.4,39880,23.24,6.43,8.59,4.16,0.87,0,6,0,0,8.26,9560785
10,11630,5140,5.2,7726,21.75,7.19,8.74,2.74,1.36,0,6,0,1,8.01,7440393
2,4986,1033,2.3,2915,1.76,21.39,1.17,0.34,0.15,0,2,0,0,7.34,250000
6,6035,2515,2.5,3820,1.95,13.48,0.79,0.91,1.56,1,3,1,1,7.36,2355663
2,5034,1109,1.1,4013,3.16,17.37,0.28,0.24,4.26,0,3,0,0,7.62,250000
5,3712,2346,2.9,1324,1.21,18.17,1.04,0.61,3.31,1,5,0,1,7.67,711620
8,7267,3346,4,4631,2.65,24.35,1.07,1.28,2.56,0,6,0,0,7.65,2163573
4,3546,1572,3.4,2648,1.18,15.17,1.05,1.37,0.67,0,2,0,0,7.59,910028
4,2558,1262,3.1,1419,2.01,21.95,1.53,0.51,1.69,1,2,0,1,7.38,347527
10,12076,5476,5.1,6298,27.86,9.59,12,4.65,1.38,0,6,1,1,8.29,7217849
7,6181,3027,3.7,3540,1.67,20.37,0.71,0.37,1.37,0,4,1,0,7.8,1995779
3,4305,1414,1.8,2487,3.17,24.86,0.49,1.86,1.49,0,1,0,1,7.63,250000
4,6578,924,3.2,5103,2.47,17.76,1.68,0.6,1.55,0,3,0,0,7.6,250000
5,4890,2385,3.5,2778,1.8,21.87,0.65,1.42,0.8,0,3,1,0,7.97,1862901
2,4581,1231,1.9,3573,1.7,16.21,1.39,1.6,3.72,0,3,0,1,7.37,250000
6,58999,2695,3.8,55245,26.33,8.86,4.4,5.62,0.68,1,4,1,0,8.18,4307065
3,45194,1619,3,42913,14.13,9.37,4.81,1.37,1.69,1,3,0,1,8.04,2690059
10,31402,6135,6.2,25898,17.81,1.91,8.55,4.39,1.01,0,6,0,1,8.16,9032005
6,2335,2341,3.5,0,2.18,23.28,1.53,1.43,2.66,1,3,1,1,7.59,870929
5,53338,2748,4.2,50396,19.83,0.89,13.53,4.92,0.57,0,4,0,0,7.99,4116442
3,6709,1576,2.8,5664,0.27,14.03,0.51,0.35,0.81,0,3,0,0,7.61,880569
3,6496,1017,2.6,5492,1.53,19.25,0.45,1.13,0.9,0,1,0,0,7.56,250000
3,1846,1563,2.8,730,0.13,16.49,0.44,0.15,1.24,0,3,0,1,7.6,718846
2,6628,1036,2.4,5269,2.86,21.83,0.45,0.98,4.38,0,2,0,1,7.22,250000
4,6596,2104,2.3,4696,3.07,22.96,1.45,1.1,3.77,1,3,0,0,7.17,349454
6,5070,3110,3.3,2559,2.29,20.87,0.71,1.47,3.29,0,5,0,0,7.82,1477031
5,7848,2338,2.3,5081,1.75,22.33,1.68,1.71,1.69,0,4,0,0,7.86,751407
5,8713,1707,2.9,7491,1.81,22.45,1.69,1.68,3.54,0,3,0,0,7.64,250000
8,6336,3585,5.1,2956,1.28,17.32,1.25,0.77,2.21,0,5,0,0,7.87,2595195
5,3365,2318,3.7,1424,0.91,18.16,2.3,0.59,0.67,0,3,0,0,7.6,1938002
10,47169,5229,5.1,42446,26.58,4.99,5.28,1.24,0.71,0,6,0,1,7.83,7944866
9,44816,4278,5,40604,21.27,6.28,4.25,1.38,1.33,1,5,0,0,8.03,7634724
4,5164,2215,2.5,3120,3.34,16.64,0.83,1.92,1.66,1,3,0,0,7.53,655297
8,57033,2723,5.1,54624,22.98,7.52,7.05,4.22,0.29,0,5,0,1,8.16,4783954
4,4338,1649,2.8,3060,0.17,21.31,1.43,0.57,1.47,0,3,0,0,7.89,728295
5,2409,2066,2.5,728,1.39,20.11,1.97,1.07,1.54,0,3,1,1,7.81,1477143
3,4538,1575,3.1,3284,2.27,21.53,2.06,0.71,0.22,0,3,0,1,7.79,902705
5,3027,2666,4.1,0,0.14,21.35,1.46,1.41,1.8,0,4,0,1,7.62,2185741
3,8374,1360,1.2,7043,1.71,25.02,0.26,1.38,3.24,0,3,0,0,7.66,250000
6,18421,3092,3.7,16644,14.59,9.29,7.98,4.04,1.63,1,4,1,0,8.16,3769543
3,8548,1636,3.4,6830,22.29,5.57,5.55,4.75,1.95,0,3,0,0,7.55,1130179
3,6565,1399,2.4,5095,1.01,18.37,2.45,0.85,0.86,1,3,0,1,7.48,729333
3,7216,1319,2.8,6966,1.77,16.33,1.55,1.42,2.58,0,3,0,0,7.52,250000
3,5130,1594,2.1,3134,3.77,17.81,1.11,0.47,2.52,0,2,0,0,7.36,250000
9,51763,4751,5.2,48748,26.84,7.87,9.95,7.32,1.24,0,5,1,0,8.28,7268411
5,8036,1718,4,7599,2.91,22.57,0.81,1.66,1.01,0,3,0,0,7.26,480788
8,6427,3180,3.6,3090,2.45,17.88,0.98,1.44,2.21,0,4,0,0,7.53,1990345
5,3200,2350,3,580,2.14,19.6,1.49,1.04,0.15,1,4,1,1,8.22,1957658
3,2195,1173,2.5,1196,2.3,12.73,0.52,1.4,0.28,1,2,0,0,7.92,250000
6,2569,2618,4.7,659,1.2,12.92,2.04,0.92,0.93,0,4,0,1,7.51,2580229
3,5404,1879,1.8,3462,1.07,21.11,0.31,1.05,0.93,0,2,0,1,7.96,974203
3,3489,1721,2.3,2423,1.24,25.35,1.62,0.35,3.01,0,2,0,0,7.2,250000
7,2254,3093,4.6,0,2.09,13.37,2.23,1.06,0.65,0,5,0,0,7.96,3096005
2,3202,1018,2.2,2986,3.55,18.37,0.7,1.64,4.31,1,2,1,0,7.39,250000
7,6183,3125,4.1,3030,26.89,3.21,6.25,6.06,1.52,1,5,0,0,7.79,3612400
4,4603,1420,3.3,3664,0.82,13.21,1.28,0.96,1.68,1,2,1,0,8.07,591902
5,6961,1570,2.6,5617,0.62,17.81,1.01,1.39,0.85,0,3,0,1,7.99,879133
10,41983,3818,5.6,38600,12.4,7.34,13.65,4.19,0.75,0,6,1,0,7.89,6413999
8,4363,3161,5.4,1483,3.4,25.98,0.61,0.31,2.55,0,4,0,1,7.65,1904352
6,2406,2922,4.3,445,0.77,20.67,1.24,0.99,1.68,1,3,0,1,7.67,2631713
4,35473,1778,3.1,34307,20.13,7.94,9.29,2,0.95,0,3,0,0,7.6,2409829
7,14720,3150,3.9,12683,16.56,0.68,8.62,6.31,0.14,0,5,1,0,7.86,4271324
2,5821,1415,2,4580,0.32,19.17,1.51,0.95,1.15,0,3,0,1,7.62,474267
4,4940,1728,2.5,3462,1.82,12.24,1.19,1.26,0.53,0,2,0,1,7.81,1036629
8,8354,3530,4.8,4596,2.45,21.02,1.39,0.77,1.79,0,5,0,1,7.8,2588110
10,29860,5064,4.7,24272,17.35,5.26,6.94,1.24,0.36,0,6,0,0,8.21,8058018
3,5165,1436,1.9,4214,0.74,15.77,2.05,0.39,1.06,0,2,0,0,7.56,542083
6,5683,2340,4.5,3692,0.54,19.17,1.86,0.64,0.52,0,3,0,0,7.81,2030782
7,4827,2940,3.9,2267,2.69,22.52,0.45,1.51,2.62,0,4,0,0,7.31,1641775
4,2178,2184,3.3,0,0.33,20.62,2.33,0.33,0.9,0,3,0,1,7.83,1645859
3,5447,1565,1.3,3037,0.19,18.1,1.38,1.17,1.57,0,3,0,1,7.38,682085
4,3736,1698,2.7,1737,1.08,14.2,2.45,0.3,1.21,0,2,0,1,7.85,930492
4,45812,1842,3,44728,27.38,9.48,11.12,4.53,0.58,0,4,0,1,7.55,2930053
4,6059,1226,2.8,5943,0.99,20.49,2.1,1.31,1,0,3,0,0,7.31,437003
6,24156,2836,2.9,20848,17.66,5.99,13.11,6.47,1.7,1,3,0,1,7.45,3511930
5,5980,2282,4.1,4085,2.44,21.99,1.37,0.44,1.25,0,2,1,1,7.67,1940331
5,7013,2553,2.8,4573,2.84,21.25,0.78,1.89,2.68,1,4,0,0,7.6,913323
2,1823,961,1.9,852,0.96,13.49,0.35,1.3,0.57,0,2,0,0,8.12,250000
6,7623,2581,3.1,5020,3.29,19.38,0.79,1.68,4.03,1,4,0,0,7.5,934390
5,3173,2033,3.2,1660,2.1,18.4,0.84,0.16,1.16,0,4,0,0,7.42,1615615
4,3107,2188,2.8,1104,1.11,14.49,1.25,1.91,3.72,1,4,0,0,7.8,292625
5,3876,1543,4.2,3075,3.26,14.15,1.66,0.23,3.21,0,3,0,0,7.61,250000
4,7315,1498,2.9,5479,2.1,24.66,1.7,1.86,3.86,0,3,1,0,7.29,250000
5,6507,2720,2.2,4237,1,15.07,0.26,1.76,2.1,1,4,0,0,7.81,1201081
3,4740,1997,2,2818,3.9,22.63,1.3,0.62,2.96,0,4,1,0,7.9,250000
10,50931,5350,5.2,47027,17.03,5.06,13.44,0.97,1.61,0,6,1,1,8.16,8180038
7,8853,2775,3.9,6152,3.69,24.15,1.13,1.81,2.32,0,4,0,1,7.72,1487525
4,7127,2189,3.1,4550,1.57,22.96,1.38,0.64,3.92,0,4,0,1,7.61,434517
2,2410,1034,2.4,1145,0.68,16.62,2.34,0.44,0.72,0,3,0,0,7.4,250000
4,6823,2194,2.9,4170,2.78,21.15,0.8,1.88,4.35,0,3,0,0,7.66,250000
10,19386,6632,5.2,13015,18.22,9.61,13.71,2.15,1.68,1,6,0,1,8.34,9652860
7,32450,2910,4.7,30112,12.22,5.19,8.76,3.28,1.2,0,3,0,1,8,4549336
3,6556,1206,2.3,5985,2.19,16.23,0.53,0.5,0.41,1,1,0,0,7.91,277443
3,5451,1513,1.9,4600,0.51,15.29,2.43,1.35,0.46,1,3,0,1,7.85,793354
2,23421,1622,1.7,22493,18.78,9.7,11.96,1.04,1.76,0,2,1,1,7.67,1592194
8,41816,3911,5,38531,14.92,0.28,7.12,1.19,1.02,0,6,1,0,7.88,6600820
2,4746,1016,1,4281,0.47,15.84,1.32,1.3,0.42,0,1,0,0,7.65,250000
3,4502,1029,2.8,4030,1.6,18.87,0.52,1.24,3.49,1,3,0,0,7.44,250000
4,3205,2010,3.1,1334,2.4,23.57,1.94,0.64,1.57,0,3,0,1,7.64,1298108
7,3839,2307,3.9,1473,1.77,25.41,0.3,0.69,4.13,0,4,1,0,8.03,524159
5,5612,1954,3,3417,2.16,15.34,0.75,1.26,0.65,0,5,0,0,7.64,1533289
3,3892,1410,2,2476,0.43,14.87,2.21,0.25,1.75,0,2,0,0,7.66,385502
5,6635,2184,1.8,5049,2.15,25.3,1.76,1.37,1.69,0,4,0,0,7.54,609186
4,2975,1298,3.5,1682,1.11,24.92,1.17,0.85,3.76,0,2,0,0,7.4,250000
8,2545,3104,4.6,0,2.34,13.02,2.12,0.78,1.42,0,5,0,1,7.81,3191128
5,7273,1583,3.2,5862,2.01,18.95,1.15,1.73,1.89,0,2,0,0,7.71,250000
4,2792,1970,2.5,1059,2.2,12.83,1.02,1.01,0.71,0,3,0,0,7.66,1281922
4,59203,2304,3.2,56863,20.97,5.68,8.52,7.46,1.53,0,2,0,0,7.6,3614312
3,3128,1948,1.4,804,1.32,15.71,2.3,0.87,1.44,0,3,0,0,7.58,1080122
2,7932,1228,1,7725,2.78,20.94,0.88,1.69,4.3,0,2,0,0,7.65,250000
2,5104,1148,1.4,3541,2.43,12.7,1.26,0.85,1.44,0,1,0,1,7.27,250000
6,6843,2927,2.7,4520,1.21,23.32,2.11,1.36,1.26,1,5,0,0,7.78,2664469
7,4248,2203,4,2690,1.66,23.27,0.3,1.47,2.33,1,4,0,0,7.39,826198
7,58376,3403,4.3,56154,13.8,2.38,10.71,2.05,1.58,1,4,0,0,7.93,5917980
7,18307,3188,4.8,15962,26.53,7.4,13.72,7.23,0.51,1,5,1,1,8.15,3900675
10,23329,6304,5.4,17021,18.32,3.22,9.09,3.98,1.84,0,6,0,0,8.55,8904093
8,15249,3852,4.4,11822,16.02,2.71,7.04,5.03,0.13,1,6,0,1,7.71,5381302
10,47149,6977,6.2,40931,24.49,1.62,7.23,4.05,0.34,0,6,0,0,8.58,10713990
3,8722,1619,2.5,7699,2.63,18.91,1.07,0.68,2.74,1,4,0,0,7.33,250000
5,2520,1972,3.2,352,1.25,14.04,1.74,1.99,2.94,0,3,1,1,7.37,441465
6,7688,2902,3.6,4590,2.85,16.78,0.62,1.5,3.81,0,5,0,0,7.53,1425569
7,3040,3189,3.8,670,3.54,17.59,0.46,0.33,3.01,1,6,0,1,8.07,1627930
3,4751,1607,1,2735,2.23,18.4,1.59,1.42,1.4,0,3,0,1,7.51,610857
5,5331,2312,3.3,2307,1.75,15.86,2.28,0.73,0.97,0,4,0,1,7.93,1883013
2,3222,918,2.2,1941,2.43,21.89,1.65,1.26,1.48,1,2,1,1,7.64,250000
4,3325,2114,2.4,1404,0.23,23.9,1.23,1.4,1.33,1,3,0,0,7.86,1348989
6,8610,2767,4.5,6260,3.68,16.29,0.67,0.39,2.07,0,5,0,0,7.56,1588466
3,5043,1236,2.2,4417,1.83,17.07,1.08,1.23,0.96,0,2,0,1,7.45,328060
6,3057,2594,3.8,985,2.11,22.34,0.89,1.03,0.49,1,4,0,1,7.65,2496104
7,4491,3522,5.5,1028,3.7,20.81,1.45,1.84,1.85,1,6,0,0,7.84,2318495
6,3062,2591,4.6,1244,2.79,15.77,0.85,1.56,1.06,1,4,0,0,7.63,1393545
7,29368,3477,3.9,25814,26.51,1.36,4.39,5.73,0.83,0,5,1,1,7.92,5340863
7,6890,3275,4.2,3951,3.67,25.17,1.5,0.46,3.62,1,5,0,0,7.82,1798621
4,49071,1719,2.9,47330,18.43,7.02,4.3,2.5,1.79,1,4,0,0,7.88,2628061
7,25315,3989,3.5,21764,26.37,0.66,11.84,4.07,0.82,0,5,1,1,8.27,5026126
3,2360,2029,2.1,359,3.98,21.65,0.73,0.65,1.73,0,3,0,0,7.69,250000
6,4408,3167,3.4,0,2.51,15.1,0.67,1.95,4.42,0,4,0,0,7.69,1356584
10,13438,5347,5.4,7861,19.01,3.08,12.53,4.09,1.21,0,6,0,0,8.21,7162873
6,5163,3084,3.6,2495,0.51,17.01,1.57,0.73,1.15,0,4,0,1,7.96,2849873
4,9258,2798,2.9,6111,18.02,2,9.45,4.24,0.7,0,4,0,0,7.78,3039782
3,3986,1658,1.7,2436,1.39,20.69,1.35,0.19,0.13,1,3,0,1,7.74,913839
6,10323,2247,3.1,8170,14.15,1.29,7.28,6.78,0.58,0,3,1,0,7.71,2624671
10,23412,5358,5.8,19250,27.27,5.18,9.08,1.64,0.84,0,5,0,0,8.25,7635042
3,4524,1273,2.5,4003,1.87,18.72,1.27,1.43,1.61,0,3,0,1,7.47,284554
3,3555,1565,2.3,2075,1.54,23.96,0.42,1.19,0.32,0,3,0,1,7.59,686509
10,35855,6624,5.1,29329,26.82,4.72,9.82,2.46,1.98,0,6,0,0,8.11,9542745
7,4421,1788,4.6,1796,0.28,18.43,2.03,0.9,1.76,0,3,0,0,7.94,1218024
3,2930,1391,1.6,1685,0.3,13.08,0.67,0.13,0.55,0,2,0,1,7.71,494756
8,6222,3330,5.1,2665,3.83,22.72,0.76,1.08,3.15,0,3,1,0,8.1,1971450
5,5961,2749,3.4,3287,0.24,16.95,1.82,0.69,1.03,0,4,0,1,7.86,2500602
4,6587,1792,2.3,4976,0.46,21.1,1.55,0.64,0.71,1,3,0,0,7.65,1206540
2,5713,1643,1.2,2791,0.71,13.94,1.37,0.23,1.44,0,3,0,0,7.38,798991
5,3356,1590,2.2,2719,2.48,15.91,0.75,1.25,0.82,0,4,0,0,7.48,845365
10,37518,5630,5.3,32062,22.45,1.22,7.01,4.45,0.68,1,6,1,0,8,8426830
8,3108,3067,4.6,0,1.27,22.17,0.77,0.34,1.61,1,4,0,0,7.61,3016276
4,2947,2037,2.3,1729,1.98,19.92,1.26,0.27,1.73,1,4,1,1,7.56,1414813
4,2317,1510,3.3,914,1.01,16.17,0.96,0.91,2.29,0,3,0,0,7.49,250000
4,34419,2207,3,32055,22.29,5.3,4.28,3.67,1.59,1,3,0,1,7.78,2828103
4,3782,1846,2.4,2924,3.13,16.86,0.53,1.47,4.08,1,4,0,0,7.54,250000
4,2303,1605,3.8,167,1.72,22.57,0.51,0.86,0.6,0,3,1,1,8.06,831658
6,1833,2867,4.3,0,0.39,12.21,1.08,0.63,0.23,0,4,0,1,7.82,2922546
3,21928,1439,2.2,21548,24.28,1.95,4.52,7.45,1.6,0,3,1,1,7.5,1446198
4,24228,1894,2.9,22227,24.24,2.3,9.33,1.49,1.28,0,2,1,0,7.62,2421392
5,6662,2257,3.3,4538,1.91,14.88,1.98,1.26,0.83,1,4,0,0,7.78,1911972
3,50952,1995,1.7,48808,27.9,6.17,6.23,5.65,1.73,1,4,1,0,8.38,2683437
3,4745,1432,2.4,3547,1.16,15.28,1.64,0.7,1.27,0,2,0,0,7.93,250000
6,4123,2125,3.7,1967,3.38,25.07,1.63,1.06,2.82,0,4,0,0,7.57,475485
3,4895,1654,1.3,2917,1.29,14.39,1.56,0.67,1.54,0,3,0,0,7.49,736019
7,59364,3493,4.9,55869,20.09,4.54,12.94,0.87,1.34,1,4,0,1,7.63,5921094
8,8305,2607,4.7,4972,3.37,21.21,1.32,0.98,4.24,0,4,0,0,7.44,1150190
4,36588,1944,2.6,34700,24.79,2.71,9.53,4.47,0.55,1,3,0,1,8.1,2628414
6,3229,2074,4.1,1275,2.21,12.51,1.42,0.17,0.88,0,3,1,0,7.51,1743432
4,5826,1482,2.2,4587,1.79,17.7,1.65,0.18,1.61,0,4,1,0,7.55,720780
3,3153,1101,2.2,3248,2.47,21.14,0.31,0.41,1.24,0,2,0,0,7.47,250000
6,5323,2978,3.3,2724,1.62,19.24,0.49,1.31,3.97,0,4,0,1,7.97,1227637
10,51530,5999,5,46460,25.38,6.74,8.04,5.6,1.69,0,6,1,0,8.23,9213032
3,4142,1957,3.3,3025,3.79,24.17,1.56,1.24,4.03,1,3,0,0,7.46,250000
10,48440,5232,5.7,43320,13.04,0.59,5.3,4.99,1.12,1,6,0,1,7.88,8759080
5,3760,1732,3.3,2646,1.72,19.59,2.43,1.3,0.94,1,3,0,0,8.04,1007836
9,8604,4011,5.4,5007,26.76,9.91,5.91,7.07,0.38,0,5,0,0,8.1,5100238
10,51079,5776,5.1,45498,27.67,7.63,6.1,6.5,0.71,1,6,0,0,7.79,8643095
4,2012,1591,2.1,382,1.97,17.27,0.94,0.53,1.04,0,2,0,0,7.9,559506
5,2203,2351,3.1,234,0.12,21.62,0.45,0.83,1.36,1,3,0,1,7.91,1751634
2,6468,1111,2.2,5647,0.52,22.2,2.1,0.53,1.11,1,2,0,0,7.64,250000
9,5972,3470,4.9,2708,1.16,23.13,0.57,0.87,1.31,0,5,0,0,7.96,2479049
3,5649,1683,1.6,4361,2.97,19.33,1.75,1.94,4.17,0,3,0,1,7.21,250000
10,27287,5062,5.5,23085,19.45,6.01,4.41,4.12,1.16,0,6,1,0,8.33,7204963
3,6836,1338,1.7,6523,2.26,18.19,1.54,0.22,0.72,1,3,0,0,7.81,431942
2,5062,930,1.4,4425,0.69,19.1,1.3,0.79,1.22,0,3,0,1,7.58,250000
6,3592,2454,3.8,1889,2.79,25.04,1.39,0.74,1.41,0,4,0,0,7.55,1028891
4,7670,2296,2.5,5685,1.89,24.61,0.29,1.63,3.75,0,4,1,0,7.99,392901
4,4603,1373,2.1,4065,2.66,21.5,1.58,1.07,3.26,1,3,0,0,7.32,250000
5,4247,2123,3.2,1833,2.99,15.79,0.23,0.91,2.13,0,4,0,0,7.35,633161
5,3181,1951,3.7,1294,1.99,22.25,1.21,1.21,1.79,0,4,1,0,7.92,1246548
5,4615,2142,2.8,2794,0.63,13.41,1.5,0.27,0.69,0,4,1,0,7.66,1783599
4,2999,1508,2.6,1042,0.72,18.07,1.16,0.99,0.97,0,3,0,1,7.24,805535
7,6528,3286,3.5,3036,2.67,17.32,0.27,0.52,3.28,1,5,0,0,7.79,1909677
6,5982,2598,3.6,4353,2,19.69,1.13,0.59,1.21,0,3,0,1,7.48,2489284
6,6169,2935,3.5,3804,0.49,15.71,0.92,1.41,0.45,0,4,0,1,7.83,2980593
3,5803,1315,2.9,4574,0.68,15.07,2.39,1.12,0.33,0,1,1,0,7.55,650077
5,2841,2823,4,738,0.71,17.01,1.2,1.31,1.39,0,4,1,0,7.85,2510436
6,3670,2914,3.8,602,2.07,14.46,1.6,1.9,3.16,1,3,0,0,7.64,1318453
2,1970,1168,1,867,1.42,20.35,1.19,1.12,0.38,0,3,1,0,7.52,250000
4,5922,2062,2.8,3260,3.32,25.17,0.34,1.64,1.45,0,4,0,1,7.82,424647
5,9154,2069,3.4,7828,17.07,8.36,8.72,4.43,0.54,0,2,1,0,7.69,2014681
7,6304,3104,4.4,4297,1.25,14.66,1.76,0.73,0.53,0,4,0,1,7.99,3353825
5,8005,2282,3.2,6293,1.55,23.22,1.67,0.81,3.74,1,5,0,1,7.6,713957
3,22614,1448,3,21028,17.16,3.95,11.61,1.14,0.5,0,3,0,1,7.53,1751522
10,8944,6632,5.5,3084,15.39,4.98,4.72,4.84,1.04,0,6,0,1,8.43,8651862
7,6529,3285,4.6,2612,1.89,22.99,1.16,0.34,2.45,0,3,1,0,7.37,2208648
2,6582,919,1.6,5580,0.39,20.8,0.88,1.11,1.51,0,2,1,1,7.73,250000
7,2124,2647,3.1,431,1.22,19.19,1.24,0.19,1.36,1,5,1,0,8.26,2320538
6,4830,2623,4,2056,2.95,21.02,0.53,1.11,4.1,0,4,0,1,7.81,885698
10,54195,5621,5.1,48548,21.04,6.06,7.21,2.07,0.35,0,6,1,0,8.4,9722999
5,2140,2682,3.8,0,0.63,22.67,0.59,0.96,1.28,0,4,0,1,7.6,2275439
10,18774,6739,5,12832,22.4,0.69,7.36,4.23,1.68,0,6,0,0,8.21,8993490
5,6901,2421,2.6,5181,2.14,15.56,0.6,0.95,4.23,1,4,0,0,7.4,745140
6,8312,2789,4.2,5712,1.41,15.39,1.66,1.08,4.23,0,5,0,0,7.75,1285154
3,4978,1631,2.4,4161,1.59,21.9,1.56,0.92,2.93,0,2,0,0,7.32,250000
6,7593,2466,3.8,5550,16.5,9.27,11.96,7.17,0.94,1,4,0,1,7.89,2541507
10,44692,6159,5.6,38778,18.61,5.54,4.11,1.85,1.32,1,6,1,0,8.16,10256979
9,3039,3595,4.8,0,1.24,22.9,1.07,0.35,1.09,0,6,1,0,8.09,2551010
2,4273,1016,2.2,2968,2.48,17.37,2.5,0.64,0.69,1,2,0,1,7.45,250000
5,6665,2607,3.9,3644,1.75,17.26,0.82,1.05,1.13,1,5,0,0,7.51,2511771
5,2971,1995,3.9,1064,0.22,22.6,1.53,0.51,1.27,1,3,0,0,7.48,1502810
10,52965,4807,5.3,48481,25.34,4.81,11.88,5.46,0.15,0,6,0,1,8.17,7172144
6,5422,3174,3.3,2635,1.75,12.71,1.35,1.18,1.02,0,6,0,0,7.83,3024472
4,4743,1973,2.7,3245,1.75,22.97,0.74,1.25,1.71,0,4,0,1,7.76,1152126
6,8232,2475,4,5489,2.72,21.43,0.64,1.57,3.32,1,4,0,1,7.42,1090101
10,48933,5803,5.7,44833,13.43,8.82,9.96,4.19,1.84,1,6,0,1,8.04,9495506
6,4823,2716,3.5,2505,1.43,21.76,1.67,1.01,0.15,0,5,0,0,7.77,2734760
6,6029,2984,3.7,3938,1.96,18.48,0.83,1.57,2.51,0,5,0,0,7.52,1614624
5,4727,1918,2.8,3285,1.52,18.02,1,0.3,0.53,0,4,0,1,7.6,1478348
9,10318,4215,5.2,7001,20.21,8.4,13.13,7.57,1.18,0,6,0,0,7.65,5428358
5,3531,1634,3.1,2178,0.32,22.59,1.82,0.97,1.13,0,2,1,1,7.56,965730
9,3159,3297,4.5,142,1.01,25.75,0.47,1.54,1.14,0,4,0,0,7.76,2169799
6,3890,2941,3.3,1537,2.15,18.72,2.26,1.23,0.57,0,3,0,0,7.76,2861114
4,8979,1734,3.2,7910,2.18,22.12,1.61,0.43,3.57,0,2,0,1,7.36,250000
4,5062,2007,2.7,2798,1.68,21.14,1.36,1.48,1.65,0,3,0,0,7.65,1192311
4,6664,1136,2.7,5594,2.32,13.04,1.66,0.45,1.51,0,3,0,1,7.55,313302
4,5886,1991,2.2,3872,2.2,22,2.2,0.28,0.52,0,3,1,1,7.78,1548329
10,55047,6785,6.3,49052,13.58,8.82,6.25,3.66,0.76,0,6,0,0,8.12,11133522
6,6967,2904,3.6,4337,0.42,18.96,1.13,0.86,0.9,1,3,1,1,7.77,3066050
8,49942,3773,4.2,46603,19.57,2.8,6.89,7.86,1.79,1,6,1,0,8.02,6214740
4,3865,2284,2.8,904,0.95,20.39,2.24,1.18,1.19,1,3,1,0,7.98,1722058
10,31019,5444,5,26315,20.29,0.88,4.47,1.68,0.66,0,6,0,1,7.95,8603194
10,45159,6986,5.8,39077,26.59,6.91,11.12,7.61,1.94,0,6,0,0,8.32,10740762
8,6718,3560,4.6,4454,2.19,20.61,1.05,1.88,2.23,0,4,0,0,7.87,2375617
5,8677,2535,3.6,7454,1.02,17.49,0.73,1.19,4.17,1,4,0,0,7.8,922137
5,6658,1665,3.8,5515,1.56,20.66,1.06,0.59,0.9,0,3,0,1,7.52,1215180
10,8295,4988,5.3,3666,21.85,2.24,4.41,1.8,0.62,1,6,0,1,7.86,6926822
4,5311,1675,2.1,3545,1.55,14.47,1.29,0.82,0.8,0,3,0,0,7.51,966814
4,3000,1592,2.4,2605,0.4,15.33,1.81,0.43,0.39,0,3,1,1,7.79,971245
6,8677,3092,3.8,7017,1.53,17.35,1.42,1.05,2.92,1,4,0,0,7.59,1821072
4,2714,1222,2.3,1342,2.47,20.11,1.13,1.38,3.34,0,1,0,0,7.48,250000
8,4486,3537,5.1,915,2.67,24.67,1.11,0.54,4.41,1,4,0,0,7.48,2158628
3,6997,1910,2.5,5693,2.45,23.99,1.04,1.31,2.44,0,4,1,0,7.66,250000
6,6097,2409,2,3708,1.92,16.98,2.37,0.58,1,0,3,0,0,8.15,1837657
5,8059,1956,3.2,5767,2.23,20.86,0.52,0.91,3.4,0,3,0,0,7.63,269382
5,2385,2394,3.4,707,0.67,19.05,2.04,0.91,0.81,0,4,0,1,7.61,2040171
10,47457,4675,5.2,42778,18.99,9.61,11.75,4.65,1.34,1,5,0,1,7.52,7834212
3,4469,1630,2.6,2997,1.13,20.87,1.68,1.15,1.31,0,3,0,1,7.43,822145
2,5507,911,2.1,4415,2.24,19.6,1.27,0.56,0.31,0,2,0,1,7.59,250000
10,15757,3931,5.3,11810,23.37,0.86,7.73,4.92,0.8,0,5,0,0,8.14,5211764
7,3282,2597,3.4,1413,3.04,15.01,0.7,0.21,2.11,0,4,0,0,7.68,1264850
2,2873,1332,2.7,2001,1.32,12.36,0.92,0.95,0.7,0,2,0,0,7.76,329173
5,4264,2192,2.9,2652,1.43,25.05,1.75,1.52,3.97,0,2,0,0,7.34,332338
8,13736,3792,4.6,10144,23.92,5.82,9.54,1.93,0.44,0,6,0,1,7.79,5725369
4,4787,2211,2.4,2922,2.07,18.93,0.7,0.34,1.13,1,4,0,0,7.83,715161
5,6114,2519,3.2,3258,3.3,22.02,1.73,1.91,2.48,0,4,0,1,7.57,1010426
10,16028,5958,5.8,10173,20.73,3.43,4.84,2.03,1.74,0,6,1,0,8.37,8371655
4,3548,1528,3,1751,1.46,18.7,0.34,1.02,1.44,0,2,0,0,7.65,591813
2,3305,1197,2,2572,1.91,18.04,0.75,1.15,1.38,0,2,0,0,7.86,250000
6,2924,3035,4.3,0,1.92,23.21,2.13,0.66,0.31,1,3,0,0,8.03,2908617
4,36169,1594,2.6,34827,17.81,9.2,9,6.03,0.61,0,4,1,0,7.82,2209650
4,47284,2253,2.8,45226,14.64,3.67,6.64,3.96,1.25,1,4,0,1,7.81,3425406
4,8387,1834,2.4,5997,1.33,24.37,0.73,0.62,2.7,0,3,0,0,7.78,250000
6,4399,2832,5.4,1710,2.53,16.27,0.48,1.48,3.49,1,3,1,0,7.75,1397039
6,4224,2686,3.3,1308,0.47,22.57,1.55,1.15,0.18,0,4,1,0,8.03,2627474
7,4090,3074,3.6,1363,2.17,22.38,1.19,0.25,1.8,0,3,1,1,7.79,2945106
7,4761,3564,3.6,976,1.27,15.43,1.32,1.57,2.65,1,4,0,0,7.87,2241532
5,6454,2021,2.9,3894,1.67,22.58,2.24,0.67,0.5,0,3,0,1,7.64,1599330
6,25101,2496,4.2,22460,26.96,2.3,13.92,1.58,0.12,0,4,0,0,8.08,3539890
8,41373,3301,5.1,37590,17.27,4.88,6.59,3.51,1.7,0,6,1,1,7.86,5408531
6,5897,2186,3.7,3969,2.07,14.22,0.37,0.33,0.87,0,3,0,0,7.7,1816089
6,6112,2826,3.6,4646,0.38,21.75,1.54,0.8,0.26,1,4,0,1,7.67,2979458
6,5314,2472,3.5,2854,2.72,22.43,0.33,1.54,1.5,0,4,0,0,7.54,1105963
8,22784,4076,5.5,18988,26.27,8.1,11.82,1.96,0.19,0,6,0,1,8,5842424
6,7919,2367,3.4,5660,3.32,14.62,1.48,1.14,2.57,0,3,0,0,7.51,963669
4,4395,2058,3.1,2207,0.98,17.94,1.24,1.25,0.15,0,4,0,1,7.42,1580592
6,6605,2848,3.7,3714,1.06,21.18,0.99,1.12,0.98,0,5,0,1,7.77,2771082
3,7123,1589,3,6129,2.22,16.25,1.32,1.75,4.07,0,3,0,1,7.44,250000
3,36799,1614,1.4,34914,22.17,4.81,6.75,7.79,0.2,1,3,1,1,7.82,1948292
5,20584,2214,3,18728,19.77,9.32,8.87,3.71,1.34,0,2,0,1,7.63,2440180
6,4656,2594,3.1,2287,2.06,18.18,2.18,1.2,0.37,0,4,1,0,7.94,2348100
6,3169,2986,4.2,0,1.39,20.4,0.69,1.55,3.81,1,4,1,0,8.03,1342003
4,4071,1772,3.1,2923,0.17,21.48,1.3,0.84,0.53,0,3,0,1,7.59,1178049
6,6253,2712,3.8,3691,1.65,13.08,2.4,0.53,1.13,0,4,0,0,7.45,2643997
5,2202,2636,2.9,0,0.29,22.05,1.76,0.68,1.57,1,3,0,1,7.74,2217353
5,3835,2313,3.2,1187,1.01,20.5,2.05,0.39,0.79,0,3,0,1,7.79,1932026
3,6299,1483,2.8,4994,0.65,22.74,0.69,1.33,1.47,0,2,0,0,7.44,589001
3,4553,1074,3.1,3655,2.38,20.85,0.6,1.58,2.3,0,3,0,0,7.47,250000
5,8865,2384,3,5725,3.06,18.17,0.68,0.8,1.14,1,2,0,0,7.84,1007643
4,6908,1995,2.9,5564,0.55,16.25,0.33,0.33,0.67,0,4,0,0,7.62,1661829
6,2877,2775,3.3,565,1.25,23.55,2.5,1.22,0.54,0,5,0,0,7.7,2454894
3,5447,1310,1.9,4863,2.11,25.46,1.72,1.21,3.22,0,3,0,0,7.32,250000
3,3693,1254,2.1,3200,2.43,14.9,1.21,1.35,1.9,1,2,0,0,7.47,250000
3,1942,1153,2,1026,0.11,15.92,0.96,0.25,1.21,0,3,0,0,7.66,250000
5,28210,2063,3,26463,15.8,6.8,12.3,7.85,0.35,0,2,0,1,7.31,2791642
7,4104,2672,3.6,2341,3.87,22.75,0.87,1.55,3.83,0,4,1,0,7.58,1014560
2,2560,1058,1.7,1637,0.87,17.5,1.1,0.12,1.08,0,1,0,0,7.53,250000
4,6275,2728,3.3,3410,2.48,18.35,1.57,1.43,0.78,1,4,1,0,7.81,2557214
2,5406,1002,2.1,4794,1.21,12.02,1.52,0.75,1.66,0,2,0,1,7.83,250000
10,12887,6831,4.7,6232,15.83,4.59,4.23,4.76,0.83,0,6,0,0,8.21,9794804
3,2456,1824,2.7,949,2.42,14.89,1.07,0.76,4.47,1,3,0,0,7.76,250000
4,6757,2576,3,4622,2.39,15.33,1.59,1.13,1.31,0,4,0,0,8.01,2127116
4,6282,1405,3,4509,1.95,22.55,0.78,0.83,1.68,1,3,0,0,7.61,250000
5,6052,2736,4.4,3222,2.6,15.77,1.33,1.09,3.22,0,3,0,0,7.28,1338877
10,9066,6248,4.8,3072,23.57,4.57,13.24,5.86,1.87,1,6,1,1,8.41,8133796
8,5335,3542,3.8,2148,3.55,22.36,0.81,1.4,2.86,1,4,0,0,7.78,2127723
6,7376,2979,3.5,4510,2.25,14.8,1.31,1.12,2.17,0,3,0,0,7.75,1681055
5,2050,2278,3,562,1.55,19,2.25,1.17,1.57,0,3,0,0,7.55,1607844
3,2829,1399,2.8,1583,0.14,20.59,1.18,0.13,0.73,1,3,0,0,7.67,550879
2,3695,1099,1.5,2232,0.85,15.11,1.15,1.27,0.36,0,1,1,0,7.75,250000
3,2924,1556,2.2,2107,0.4,20.65,2.04,0.65,1.27,0,1,0,1,7.64,617034
7,4230,3191,4.7,2315,3.49,18.71,0.73,1.53,1.09,0,4,0,1,7.83,2072555
4,5969,2263,3.1,3867,3.84,16.94,0.37,1.87,1.75,0,3,0,0,7.68,663662
9,33686,4286,5.7,30245,17.98,1.21,7.47,3.87,1.01,1,6,0,1,8.05,7035802
6,5203,2500,3.8,2482,0.78,15.06,1.17,1,0.6,0,4,0,0,7.87,2325816
9,37820,3839,5.3,33606,16.33,5.91,10.18,3.63,1.88,1,6,0,1,7.65,5985494
3,3413,1158,2.2,2860,2.08,17.98,1.06,0.81,1.38,0,2,0,0,7.47,250000
3,9660,1571,1.8,8650,12.03,6.9,8.56,1.54,1.73,0,3,0,1,7.29,1312079
10,7243,4902,5.4,2041,18.31,6.73,5.98,2.52,1.22,1,6,0,0,7.85,6832363
7,5522,3132,4.3,2401,1.42,17.61,1.72,1.2,4.25,1,4,0,0,7.82,1601658
2,5006,1014,1.7,3650,0.44,17.25,2.11,1.13,1.76,0,2,0,0,7.57,250000
8,49455,3582,5.6,46186,23.34,7.59,6.06,6.99,0.97,0,4,1,1,7.9,6010348
5,3775,2033,2.9,2685,0.17,19.12,1.09,0.89,0.12,1,3,1,0,7.96,1537050
8,42709,3957,4.5,39108,14.08,5.03,8.41,6.4,0.89,0,5,0,1,7.93,6077116
9,30579,4319,5.5,27262,19.79,4.02,5.1,1.71,0.44,0,6,0,1,8.02,6467038
6,4292,2556,3.9,1884,0.49,21.06,0.43,0.31,0.58,1,4,0,0,7.99,2310815
2,2235,1529,1.6,0,1.67,14.14,2.1,1.15,1.05,0,2,1,1,8,452238
10,18307,4836,5.9,13367,16.08,7.94,5.54,5.62,0.72,1,6,0,0,7.96,6665829
3,7235,1417,2.4,6074,2.99,16.15,0.55,1.16,2.01,1,2,0,0,7.64,250000
5,6716,2410,3.4,4766,3.24,14.43,1.73,0.6,1.43,1,5,1,0,8.2,1076241
3,2084,1156,2.7,342,1.55,15.42,0.6,0.58,0.44,1,3,0,0,7.35,300098
2,4383,1728,2.4,2203,1.68,23.23,1.07,0.6,1.36,0,3,0,0,7.6,709908
8,2889,2978,5.4,356,2.22,21.12,1.18,0.62,1.32,1,4,0,0,8.19,2867334
2,6339,993,1.9,5284,2.16,12.33,0.64,1.22,1.56,0,2,1,0,7.97,250000
4,6992,1699,2.3,5992,2.27,23.38,2.39,1.15,0.53,0,3,0,0,7.75,908803
5,5223,2445,2.8,2888,0.51,19.16,1.64,0.77,1.72,0,4,0,1,7.7,1963067
5,5064,2178,2.7,2436,1.66,19.85,0.86,0.45,0.73,1,4,0,0,7.77,1617068
4,6226,2038,2.2,4448,2.3,13.22,1.77,1.34,0.6,0,4,0,0,7.56,1521590
5,6072,2409,2.7,4010,2.49,14.07,1.17,1.23,0.47,0,4,1,1,8.01,2076534
5,2293,2912,2.5,0,0.8,16.14,1.01,0.38,0.84,0,5,0,1,7.92,2617437
4,3521,1314,3.4,2226,2.56,21.98,0.47,1.28,4.03,0,3,0,0,7.44,250000
6,6903,2678,3.4,4028,2.66,19.83,0.87,1.85,1.03,1,3,0,1,7.51,1482882
10,49609,4479,6,45789,26.34,9.68,8.71,2.4,1.08,0,5,1,1,8.04,7562477
4,6223,1790,3.7,3984,0.53,13.1,1.44,0.31,1.06,1,3,1,0,7.59,1373528
10,42852,6331,5.4,37140,13.88,4.87,10.76,7.26,0.83,0,6,0,0,8.05,10606060
8,5866,3174,5.2,3318,1.97,22.16,2.37,1.22,1.77,1,5,0,0,7.77,3344672
4,5959,1720,3.3,4999,0.54,15.08,0.38,0.23,1.11,0,3,0,0,7.41,1212301
10,10114,4229,5.2,6657,16.58,6.09,8.28,3.01,0.58,0,5,0,0,8.02,6077713
6,5460,2794,4.5,2084,0.89,18.68,0.95,0.21,0.78,0,3,0,1,7.89,2632977
6,5822,2800,3.4,3258,0.59,20.13,0.72,0.27,1.68,1,3,0,0,7.4,2575673
5,6000,1934,3.9,5187,3.55,14.64,0.34,1.98,3.62,0,2,0,0,7.58,250000
2,4283,1033,2.1,3428,1.89,18.02,1.11,1.46,1.7,0,2,0,0,7.47,250000
2,2960,1353,2.2,2118,2.09,17.11,1.19,0.86,3.39,0,3,0,0,7.58,250000
3,2635,1084,2.1,1625,2.26,16.27,1.41,1.4,2.14,1,3,0,0,7.35,250000
9,15978,3689,4.8,12793,22.24,9.78,7.04,3.66,0.98,0,5,0,0,7.85,5248793
7,2012,2689,4.1,0,0.89,23.17,1.66,0.71,1.06,0,4,0,1,7.75,2525153
6,4352,2970,3.7,1509,2.45,23.65,0.81,0.8,0.54,0,4,0,0,7.66,2917415
7,4707,3085,3.9,2116,1.5,15.89,1.29,1.85,1.5,0,4,0,0,8.27,1759319
10,14236,5078,6,9836,19.34,2.86,10.94,5.61,1.73,0,5,0,1,8.22,7627343
8,22126,3485,4.6,18713,22.68,6.08,4.02,3.05,0.58,0,5,0,0,7.87,4477595
4,4711,1692,2.4,3332,2.06,23.41,1.19,0.17,0.51,0,4,0,0,7.82,877297
6,5330,3147,3,2873,2.1,13.92,1.45,0.69,1.79,0,4,0,1,7.7,3112676
7,5831,3045,3.9,2118,1.46,21.66,1.44,1.57,4.37,0,4,0,1,7.56,1463164
3,7580,1186,1.9,6685,2.91,15.79,1.75,1.82,4.32,0,2,0,0,7.68,250000
5,4035,2614,3.3,1051,3.87,21.21,1.21,1.88,2.8,0,4,0,0,7.73,860143
3,3966,937,2.5,2975,0.35,22.76,2.14,1.28,0.8,0,2,0,1,7.54,250000
4,46620,1695,3,44939,12.13,7.92,9.53,5.99,0.4,0,3,0,1,7.67,2795006
5,5811,2946,2.1,2689,2.05,18.76,2.49,0.2,1.57,0,4,0,0,7.78,2561583
10,51132,5090,5.5,47007,17.28,1.73,6.37,6.85,1.42,0,6,0,0,8.12,8239061
9,7647,4093,5,4522,17.27,5.2,10.06,2.24,1.58,0,6,1,0,8.23,5348289
7,4605,2869,3.6,2498,2.86,17.68,0.68,0.91,1.25,0,5,1,0,8.2,1571736
5,6273,2139,3.2,4309,2.26,14.42,2.36,1.06,1.15,1,1,0,0,7.61,1706450
10,39759,4419,5.1,35189,15.67,7.91,12.05,4.28,0.84,1,6,1,0,8.25,7166775
8,18830,3478,4.5,16123,27.46,1.12,9.24,4.45,1.25,0,4,0,0,7.87,4653361
2,7524,1211,2.7,5944,3.14,15.98,1.38,0.45,3.91,1,2,0,0,7.23,250000
6,8943,2573,3.9,6452,2.37,17.52,0.35,0.61,2.94,1,4,0,0,7.63,1239758
4,4534,1299,3.1,3562,1.41,16.25,2.3,1.43,1.77,1,2,0,0,7.94,271166
6,34280,2617,3.5,31791,26.83,7.78,6.71,6.65,0.76,0,5,0,1,7.75,3746082
8,3374,2964,4,804,0.88,18.14,1.91,0.39,0.53,0,5,0,0,7.86,2922306
10,51231,5737,5,46141,23.63,8.99,11.53,5.31,0.79,0,6,1,0,8.5,9577409
10,36505,6281,4.8,31333,12.4,1.4,7.46,5.26,0.95,0,6,1,1,8.53,9158782
3,4430,1685,2.5,2729,2.21,23.93,0.65,0.13,0.47,0,4,0,1,7.94,879129
6,1882,2485,4.3,0,2.09,13.02,1.27,0.33,1.14,1,3,0,0,7.43,2325713
9,13736,3835,5.2,9778,16.05,6.96,9.49,6.5,0.97,0,5,1,0,8.22,5096403
7,51246,3006,3.7,48116,16.34,5.69,8.18,4.47,0.2,0,4,0,0,7.58,5284960
6,6370,2358,3.6,4703,0.25,23.53,1.82,0.31,1.75,0,2,0,0,7.67,1918106
4,3598,1778,3.2,2904,3.72,21.67,1.67,1.84,1.22,1,3,0,0,7.7,250000
5,5577,2114,3.3,3644,1.03,19.36,2,1.42,0.55,0,3,0,1,8,1637921
4,4109,1402,2.9,2507,3.25,16.81,0.59,1.36,3.76,0,2,0,0,7.36,250000
2,4493,997,1.8,3463,1.1,12.21,0.79,0.64,0.29,0,2,0,0,7.86,250000
6,5022,3068,3.6,2049,0.24,12.72,1.52,1.44,0.47,0,4,0,1,7.93,3126584
5,2254,2287,3.2,273,1.35,18.2,0.54,0.79,0.36,1,3,0,1,7.51,1849480
5,35087,1922,3.7,33174,27,2.02,12.93,7.79,1.77,0,4,0,1,7.89,2566978
6,7469,2946,3.8,5256,1.32,18.36,0.62,1.17,1.21,0,4,0,1,8.09,1756699
10,18001,4653,6,14550,16.94,2.65,5.92,5.02,1.61,1,5,0,0,7.49,7297815
4,5630,1290,3.6,4720,1.5,24.82,0.56,0.29,3.56,0,2,0,0,7.46,250000
10,31439,6302,6.4,25108,22.32,7.71,12.04,5.76,1.52,1,6,0,0,8.35,8786274
10,49305,4867,5.8,45302,21.08,5,6.05,3.31,0.87,0,6,0,0,8.33,7541425
6,5598,2945,4.6,2862,0.91,13.62,1.7,0.61,1.01,0,5,1,0,7.86,3005383
6,2518,2612,3.8,0,2.36,21.68,0.65,1.83,1.95,0,4,1,0,7.91,1114387
6,2440,3037,3.8,0,1.28,16.76,1.57,0.25,0.63,0,4,0,0,7.91,2780898
10,31980,5730,6,26411,26.55,2.06,8.88,5.42,0.73,0,6,0,0,8.02,9054884
7,4555,3069,4.1,2773,3.67,24.05,0.98,0.35,2.3,1,5,0,0,7.9,1703597
4,4654,1607,2.6,2964,1.18,14.51,1.97,0.79,1.03,0,2,0,0,7.59,879850
6,6375,2578,3.7,4721,2.68,23.87,1.5,0.95,3.23,0,5,0,0,7.56,1064727
7,8397,3320,4,5709,3.56,18.5,1.71,1.65,3.98,0,6,0,0,7.67,1866998
6,5536,3080,4,2320,1.69,19.86,0.31,0.82,1.49,0,4,0,1,7.83,3001893
9,42107,3513,4.8,37849,22.11,8.4,12.1,1.38,0.98,1,5,0,0,7.9,5266488
4,5251,1531,2.6,3808,1.4,19.91,1.1,0.75,1.77,0,3,0,0,7.65,250000
4,4884,1990,3.3,3658,1.47,23.04,1.16,0.35,2.32,0,2,0,0,7.71,305553
6,5793,2966,2.9,2890,1.25,12.05,2.24,0.33,0.31,0,5,0,1,7.76,3148488
2,4676,1178,1.8,3234,0.14,21.34,1.19,0.84,1.23,1,2,0,0,7.33,250000
5,5813,1978,3.1,3532,2.1,14.71,1.79,0.27,0.25,0,4,0,0,8.14,1493731
5,3958,1950,3,2830,1.41,25.1,1.36,0.28,2.92,0,2,0,0,7.67,250000
6,8887,2740,4,6183,2.55,24.95,1.53,1.19,2.79,1,4,0,0,7.78,1350093
3,4043,1353,2.6,2314,0.12,16.19,0.63,0.69,1.52,0,4,0,1,7.54,465918
4,4731,1226,3.6,3336,0.11,12.95,1.45,0.99,0.26,0,1,0,0,7.49,566992
10,13825,6388,5.2,8840,13.99,6.58,7.2,3.08,2,1,6,1,1,8.65,8311447
6,3680,2745,3.6,1513,1.61,19.88,0.62,0.76,3.15,0,4,0,0,7.74,1104939
4,2055,1556,2.6,332,2.13,19.83,1.28,0.71,0.89,0,5,1,1,7.75,764794
3,6932,1855,1.7,5003,0.26,16.93,1.01,0.94,0.48,0,4,0,1,7.33,1346651
10,6481,6575,6.1,473,25.85,5.54,6.78,1.04,2,0,6,1,0,8.26,9081654
6,5333,2840,3.2,2751,0.58,17.02,1.66,1.21,1.17,1,3,0,1,7.51,2658092
5,3298,2228,2.4,1871,1.13,14.32,2.08,0.19,1.52,1,2,1,0,7.53,1921648
10,49681,3624,5.9,47486,19.63,2.61,11.55,6.89,1.93,0,4,1,0,8.03,6156936
5,7803,1940,3.6,6252,1.32,25.2,1.7,1,1.76,0,2,0,0,7.81,415465
4,4095,1814,3.3,2889,1.12,14.59,1.35,0.4,2.67,1,3,1,0,8.1,250000
4,4667,1505,2.5,4429,0.78,13.51,1.09,0.77,1.12,0,3,0,1,7.6,795307
3,2388,1396,2.3,1869,1.05,22.73,1.53,0.56,1.37,0,4,0,0,7.81,268271
5,3716,2722,3.2,893,1.3,22.2,1.68,0.98,0.16,0,4,0,0,8.24,2374672
7,5568,3085,4.4,2291,3.8,17.24,0.41,0.97,1.09,0,5,0,0,7.8,1946464
5,4130,2326,2.9,2236,0.55,21.64,0.74,0.11,0.99,0,3,0,0,7.8,1747092
4,3807,2003,2.2,954,0.65,21.55,2.37,0.7,1.66,0,3,0,1,7.71,1181219
6,47229,2473,3.3,45159,13.4,5.01,13.56,6.7,1.17,0,5,1,1,8.04,3746490
10,36618,4215,5.5,33381,23.73,6.68,4.57,6.02,0.87,0,5,0,1,7.98,6757433
7,4145,2900,4.7,1911,0.61,15.54,2.03,1.41,0.26,1,4,0,0,7.69,3100661
5,3021,1798,3.8,1738,1.65,20.06,0.43,0.89,1.96,0,4,0,1,7.8,250000
7,4497,2607,4.4,2114,0.21,12.65,0.77,0.3,0.11,0,4,1,1,7.67,2900218
3,15634,1644,2.7,14159,24.75,5.72,6.46,5.63,1.56,1,3,0,0,7.48,1400490
6,6693,2412,4.3,4713,1.75,21.12,1.05,0.89,0.56,0,4,0,0,7.4,2467901
5,3194,2221,2.5,1585,0.41,23.03,0.69,1.14,0.62,0,4,0,1,7.93,1683878
5,5918,1724,3.1,4342,1.06,15.45,0.57,0.69,0.13,0,2,0,0,7.95,1165367
6,47811,2640,3.9,44903,23.97,5.46,8.51,7.54,1.43,0,3,0,1,7.66,4220786
3,3502,1113,2.5,1834,0.18,17.43,2.37,1.38,1.48,0,2,1,0,7.54,250000
4,2973,1783,2.2,1489,2.36,22.32,2.38,0.27,0.15,0,3,0,0,7.63,1121717
5,29446,2515,3,27079,20.58,4.62,11.87,7.53,1.69,1,4,1,1,8.25,3096986
4,4339,1618,2.5,3577,0.49,19.32,1.57,1.17,1.58,1,2,0,1,7.91,722601
4,7433,1749,2.8,5590,3.11,21.27,0.93,0.88,2.16,0,3,1,0,7.75,250000
5,3259,1902,2.5,1475,2.24,19.85,1.1,0.79,1.49,0,2,1,0,7.67,1135716
2,7096,1209,2.6,6652,1.13,23.59,1.34,1.7,3.37,0,3,0,0,7.87,250000
2,1968,967,1.3,1466,2.36,23.33,0.76,0.31,0.13,0,2,0,1,7.39,250000
4,2785,1461,3.7,1757,1.45,25.27,1.32,0.94,3.88,1,3,0,0,7.35,250000
6,3438,2675,3.7,995,2.12,12.11,0.32,0.3,1.58,1,3,0,1,7.51,2386972
10,37747,5649,6.2,32312,22.77,5.38,11.92,7.79,1.94,0,6,0,0,7.87,8506420
7,4462,2747,4,1194,3.65,15.03,1.78,1.36,1.19,1,5,0,0,7.82,1550034
7,4836,2837,4.3,2516,0.53,13.96,0.65,0.37,0.28,0,4,0,0,8,2786126
2,3245,952,2.4,2825,2.28,21.03,1.34,1.42,0.6,0,2,0,0,7.84,250000
5,5295,2946,3.1,1604,0.53,22.35,0.41,1.03,1.44,0,5,0,0,7.91,2486059
5,1910,2001,3.3,856,1.4,15.3,1.51,0.82,0.69,0,3,0,1,7.87,1448492
2,3716,1091,1.7,2891,1.84,22.13,1.19,0.6,1.22,0,1,0,0,7.78,250000
10,40849,4899,5.3,36926,24.32,2.82,9.96,4.54,0.93,1,6,0,0,8.15,7795424
5,2639,1580,2.8,1101,0.62,23.7,1.1,1.17,1.47,1,2,0,0,7.74,676620
2,8002,1076,1.6,7363,3.31,24.59,0.23,1.21,2.22,0,2,1,0,7.61,250000
5,4666,2218,4,2990,3.58,22.83,0.58,0.77,2.01,0,3,0,0,7.66,675041
5,5444,1966,2.9,3774,3.39,24.18,0.32,0.7,2.78,0,3,0,0,7.48,250000
5,4756,2787,3.5,2069,2.54,15.74,1,1.56,2.04,0,3,0,0,7.78,1242742
7,4455,3086,4.2,806,1.46,24.96,0.73,1.03,4.25,0,5,0,0,7.67,1413829
5,3612,1999,4.2,1514,1.65,18.07,0.63,1.41,1.21,0,3,0,1,7.78,1475891
5,5518,1909,3.8,3493,1.62,15.75,2.14,0.16,1.28,0,3,0,0,7.98,1295306
3,6618,978,1.9,5845,0.2,12.66,0.53,0.78,1.44,0,2,0,0,7.51,250000
6,3948,2617,3.8,1214,2.01,18.39,0.37,1.27,3.29,0,4,1,0,7.94,1031953
2,6207,1229,2.6,5494,0.94,16.16,1.53,0.75,0.88,0,2,0,1,7.46,392081
6,1851,2422,4,0,1.32,13.52,1.49,1.36,0.68,1,3,0,0,7.85,2050463
7,2837,2772,4.2,0,1.27,18.81,0.64,0.37,0.31,1,5,0,0,7.73,2811218
3,2262,1243,2.6,385,2.83,16.19,0.25,1.04,2.16,0,3,0,0,7.74,250000
4,5048,1122,2.1,4252,1.96,13.21,2.2,0.25,1.61,0,2,0,0,7.45,250000
5,4402,2211,3.1,2668,1.5,21.53,0.74,0.89,3.28,0,5,0,0,7.48,553643
8,2655,3115,4.9,0,1.96,14.85,2.42,0.3,1.35,0,3,0,0,7.97,3211244
3,3375,1638,2.2,1728,1.88,20.75,2.1,1.17,1.39,1,3,1,0,7.86,644910
2,7343,1192,1.7,6191,3.41,21.7,0.26,0.76,2.79,0,2,0,0,7.6,250000
8,4968,2655,5,2519,1.35,22.21,0.37,1.75,2.77,0,5,0,0,7.75,1330009
5,1812,2032,3.2,96,1.09,21.31,1.19,1.31,0.26,0,2,1,1,7.82,1582055
8,45692,3391,4.5,42380,13.5,6.74,11.29,1.68,1.14,0,6,0,0,7.83,6184042
6,6760,2490,3.8,3616,3.9,22.74,1.66,0.64,3.5,0,4,0,0,7.82,817821
6,3297,2862,3.9,1642,0.91,23.55,0.89,0.72,0.26,1,4,0,0,7.82,2837925
4,35748,1565,2.9,35079,19.87,7.24,4.26,3.78,0.4,0,3,0,0,7.78,2154904
7,8863,3154,4.9,6029,1.37,20.09,1.65,1.9,2.33,0,5,0,0,7.85,1923719
6,2464,3011,3.2,0,2.4,13.66,0.81,0.93,0.36,1,5,0,0,8.12,2892732
7,2969,3115,3.6,487,0.9,15.22,1.23,0.51,0.26,0,4,0,1,8.01,3258399
5,3045,2768,2.9,1069,0.45,21.75,1.59,1.14,1.2,0,4,0,0,7.58,2401479
10,35620,6573,5.4,30363,25.07,2.08,5.32,7,1.12,0,6,0,0,8.32,9996126
4,5255,1807,2.6,3688,1.47,23.89,1.48,1.48,1.37,0,2,1,0,7.73,1010989
10,27179,4889,5.5,23279,20.85,2.29,10.7,1.13,0.49,0,6,0,1,7.9,7444957
5,6389,2027,2.4,4088,0.49,22.73,2.16,0.13,1.09,0,2,0,0,7.78,1349455
3,5379,1118,1.9,4235,0.65,19.76,0.92,0.85,0.31,0,2,1,0,7.82,250000
2,1931,1015,2.4,1011,1.52,20.04,1.67,0.86,0.4,0,2,1,1,7.62,250000
9,55557,3846,4.9,51946,15.85,6.55,13.55,5.28,1.91,0,5,1,0,7.97,6523932
5,4390,2660,3.5,2085,0.4,19.7,1.46,1.12,0.84,0,4,1,0,7.52,2509596
6,59462,2717,3.4,56553,16.28,7.55,12.9,5.58,1.74,1,4,1,1,7.73,4481764
8,3277,3480,3.9,689,1.48,23.14,0.75,1.23,1.17,0,5,0,0,7.74,2356007
3,2258,1246,2.4,1352,0.12,19.08,2.29,0.31,1.38,0,3,0,0,7.5,250000
7,24841,3070,4.1,22697,21.97,5.77,9.38,2.64,1.92,1,4,0,0,7.59,3995080
3,3334,1454,3,1559,1.03,21.36,1.79,1.8,3.47,0,2,0,0,7.36,250000
3,6778,1142,2.2,5222,1.3,12.75,0.5,0.99,1.17,0,3,0,1,7.5,270987
4,3330,1561,2.5,1484,2.44,21,2.02,0.49,0.1,0,2,1,1,7.88,830374
6,21628,2455,3.2,19269,25.02,3.43,12.47,1.11,1.05,1,3,1,0,7.92,3203133
5,4776,1938,3.3,2862,2.07,16.13,2.22,1.24,1.25,0,2,0,0,7.7,1316862
7,6764,2601,3.5,4263,2.28,23.13,1.95,0.44,1.79,0,4,0,0,8.05,2278366
9,33510,3401,4.9,30810,14.22,5.79,9.53,2.92,1.24,0,5,1,0,7.59,5679378
5,6652,1414,3.6,5184,0.39,21.96,1.57,0.5,0.84,0,3,0,1,7.47,845529
6,8223,3055,3.7,6053,2.75,25.8,0.9,1.72,3.86,1,4,0,0,7.04,1722764
3,5933,1552,2.6,4290,1.65,13.22,2.19,1.13,0.76,0,3,0,0,7.56,855388
7,2183,3191,4.3,0,2.39,13.58,1.03,0.65,0.6,1,5,0,0,7.9,3476702
4,33538,1615,2.6,32173,16.23,9.19,13.62,6.05,0.21,1,3,0,0,7.86,2228173
3,2818,1657,1.9,1789,1.92,12.47,1.2,1.03,0.39,1,2,0,1,8.06,765634
5,36967,1945,2.9,35631,14.25,7.93,6.29,4.9,0.91,0,4,0,0,7.75,2970058
10,6834,6991,6.1,1125,23.06,8.36,7.35,4.46,1.61,1,6,0,0,8.32,9840506
7,2098,2559,4.1,0,0.95,12.85,1.65,0.55,0.68,0,4,0,1,7.8,2468929
3,2745,1435,2.4,1296,0.63,15.77,0.51,1.35,1.6,0,2,0,0,7.35,443105
6,2450,2561,3.7,234,1.75,21.18,1.18,1.66,1.8,0,4,0,0,8.05,974160
4,5732,2081,2.5,3559,1.13,24.39,1.58,1.27,1.94,1,3,1,0,7.85,462782
8,25025,3190,4.2,22506,15.87,1.72,8.6,3.26,1.52,0,3,1,0,7.76,4415783
6,2715,2347,4,175,1.26,18.04,1.3,0.94,1.98,0,3,1,0,7.97,891908
6,4355,2734,3.6,2049,1.09,18.32,0.61,0.6,1.63,1,5,0,1,7.71,1487704
7,4355,3029,4.1,2047,2.28,22.46,0.79,1.12,0.75,0,5,1,1,8.17,3150527
4,28443,2144,2.5,26082,20.63,7.53,5.54,2.41,1.42,0,2,0,1,7.44,2902029
2,4415,977,1.3,2919,2.32,14.68,1.83,1.19,1.51,0,2,0,0,7.23,250000
10,25514,4606,5.8,21678,27.17,4.06,7.58,1.97,1.88,0,6,0,1,7.9,7067466
2,2811,1013,1.5,1792,1.89,12.88,2.38,0.52,1.45,0,2,1,0,7.88,250000
3,16302,1796,2.3,14561,12.14,2.31,4.71,3.39,0.94,0,3,0,0,7.56,1974225
10,31590,4087,5.1,27642,22.32,0.63,4.79,3.15,0.89,1,5,0,1,7.87,5826973
4,2912,1192,2.9,1894,1.1,17.08,1.67,0.9,3.67,0,3,0,0,7.61,250000
7,8040,2473,4.3,6206,3.32,17.53,1,0.23,3.13,0,5,1,0,7.77,1258602
10,31114,5023,6,27016,17.81,7.49,6.54,5.98,0.47,1,6,1,1,8.13,7494654
3,3387,1654,2.3,1840,1.77,15.25,0.93,0.9,0.43,1,3,0,0,7.8,819235
4,15886,2046,3.1,14652,18.19,4.06,12.06,4.18,0.22,0,4,0,0,7.8,2187142
4,2204,2116,3.2,792,3.14,16.24,1.56,1.39,1.02,0,4,0,0,7.37,673658
6,45798,2935,3.4,42222,22.25,4.47,12.6,3.17,0.46,0,4,1,0,7.49,4833705
7,4379,2483,4.9,1522,1.25,18.51,0.58,0.99,2.39,0,4,1,0,7.8,1203529
6,3392,2820,3.6,447,1.28,14.95,2.39,0.28,0.31,1,5,0,0,8.32,2798795
8,7384,3174,4.5,5574,26.12,2.52,5.37,4.95,0.68,0,6,1,1,7.85,3759122
7,25317,3660,4.1,22019,17.83,1.78,7.41,6.58,1.03,0,5,0,1,8.15,4916540
4,3085,2207,3.4,1434,0.11,12.21,0.61,0.41,1,0,3,0,1,7.67,1769332
5,20622,2944,4.5,18128,19.74,2.46,13.93,1.11,0.96,1,4,0,1,7.91,3831469
4,5694,1620,3.3,4254,2.32,17.34,2.15,0.98,1.76,0,2,0,1,7.5,847779
2,2838,1054,1.8,1980,0.91,12.98,1.49,0.13,1.7,0,3,1,1,7.79,250000
9,53302,3464,4.8,49775,27.57,7.15,7.7,3.98,1.41,1,5,0,1,7.92,5646251
7,2162,3054,3.9,0,0.5,23.33,2.11,0.21,0.86,1,3,0,0,7.58,3048802
7,4945,3469,3.4,729,2.89,18.36,1.35,1.71,3.8,0,4,0,0,7.58,1875745
6,3240,2653,3.4,1552,2.43,18.18,1.05,1.26,0.21,1,4,0,0,7.76,2344635
7,27217,2580,4.6,25150,17.4,5.24,9.99,3.91,1.54,1,3,0,1,7.83,3528839
4,5657,1241,2.4,4733,1.01,13.72,0.9,1.48,0.28,1,2,0,1,7.74,511646
4,3992,1811,2.8,2636,0.21,21.96,0.35,1.12,0.79,0,4,0,0,7.55,1144437
4,6956,1953,2.6,5365,2.9,23.17,0.49,1.28,3.57,0,3,0,0,7.51,250000
7,4563,3188,3.8,1345,3.64,19.68,1.62,1.01,3.25,0,5,1,0,7.69,1772925
10,11846,4822,6,7525,22.68,4.12,13.11,1.17,1.65,1,6,0,1,8.17,6661266
3,5353,1283,2.5,4591,2.06,21.98,1.44,1,1.2,0,2,1,0,7.88,250000
2,3302,1120,1.8,2405,2.1,23.44,1.19,1.15,1.01,1,2,0,0,7.36,250000
10,28959,4232,5.7,25384,22.36,2.08,6.22,2.19,0.83,0,6,1,0,8.18,6146795
4,3265,1916,2.8,1073,1.2,22.59,1.78,1.53,3.95,0,4,0,1,7.64,250000
4,3033,2348,2.5,691,3.58,20.46,1.4,1.19,2.91,1,2,0,0,7.21,634403
3,6604,1727,2.9,5508,3.76,25.23,0.37,1.47,1.12,1,3,0,1,7.71,250000
4,2955,1623,3.5,1173,2.47,24.38,1.49,1.09,3.75,0,2,0,0,7.54,250000
6,46533,2938,3,43458,22.27,5.09,10.24,3.94,1.11,1,4,0,0,8.03,4600830
7,15370,3335,4.2,12196,14.69,8.83,9.48,6.94,1.97,1,5,0,1,7.87,3875244
4,4997,2446,3.6,3416,2.43,22.79,1.55,1.21,0.72,0,3,0,0,7.73,1984466
2,6417,935,2,5860,2.37,22.79,1.22,1.01,1.78,0,2,0,0,7.37,250000
3,3454,1473,2.4,2784,0.85,15.88,2.4,0.85,0.89,0,3,0,0,7.41,684049
4,3649,2049,3.7,3370,2.41,16,0.31,0.77,2.91,0,3,0,0,7.63,341290
5,37292,2642,3.9,35492,15.32,0.56,8.26,3.92,0.55,0,5,1,0,7.97,4039076
3,6930,1398,2.1,5064,0.54,19.06,0.91,0.58,1.67,0,2,0,0,7.59,419312
5,4885,2008,3.4,3137,2.15,15.83,1.41,0.59,2.14,0,3,0,0,7.95,413615
10,21494,5192,6.3,16626,23.89,1.85,13.57,3.25,1.46,0,6,0,0,7.69,7729459
5,3689,2296,4,1786,1.96,12.34,0.87,1.48,0.55,1,3,1,1,7.5,2195682
7,3600,3021,3.3,1084,0.61,16.54,1.25,0.67,0.11,0,5,0,1,7.77,3085494
5,34608,2389,3.1,32044,16.19,7.71,10.53,7.61,0.98,0,3,0,1,7.55,3357653
8,6508,3301,5.1,3796,3.58,14.75,1.59,0.29,1.54,0,5,0,0,8.04,2223027
10,13800,4936,5.7,9072,14.77,4.58,12.79,6.48,1.18,1,6,1,1,8.59,7296861
4,10870,2341,4.1,8849,16.26,8.97,13.45,3.36,1.86,0,4,0,0,7.56,2536328
7,6432,2190,4.7,4372,3.13,25.92,0.59,1.2,3.95,0,3,0,0,7.52,617489
6,5468,2177,3.4,2972,2.19,17.77,1.56,0.28,1.52,0,3,0,0,7.76,1646203
9,20310,4173,5.6,16547,19.43,3.68,6.78,2.14,1.76,0,6,1,0,8.11,6523279
5,5404,2827,2.2,2055,1.1,14.49,1.63,1.55,3.9,1,4,0,1,7.13,1316648
10,46644,6257,6.2,41035,22.49,8.86,4.89,5.69,0.27,0,6,0,0,8.03,9877719
2,3132,902,2.4,1530,0.76,19.42,1.62,1.46,0.3,0,1,0,1,7.7,250000
7,8149,2923,4.2,5335,1.48,22.19,0.89,1.27,4.14,1,5,0,0,7.54,1477063
4,4652,1566,2.5,2625,2.05,16.16,1.75,1.43,1.13,0,2,0,0,7.52,696307
3,2951,1708,2.5,1168,1.55,19.78,0.95,1.43,0.55,0,4,0,0,7.83,832161
3,3634,909,2.7,2814,0.32,13.52,0.95,1.16,0.97,1,4,0,0,7.4,250000
10,48804,4220,6,45369,22.58,7.77,8.83,7.32,0.93,0,5,0,0,7.95,6196748
4,6529,2197,2.6,3620,2.1,20.24,0.77,1.31,0.25,1,4,1,1,8.13,1661414
5,20582,2062,3.9,18121,14.09,5.05,11.32,5.53,0.96,0,4,0,1,7.55,2728237
4,5792,1843,2.4,3919,0.63,13.4,0.33,0.7,0.68,1,2,0,0,7.86,1226325
4,2511,2114,3.1,1782,0.6,16.49,2.01,0.41,1.47,0,4,0,0,7.61,1584691
5,6611,2498,4,4542,1.59,19.72,1.18,1.48,0.33,0,4,1,1,8.04,2353347
5,1999,2380,3.2,0,0.57,18.63,1.15,0.88,1.69,1,4,0,1,7.65,1928060
10,14090,5006,4.7,9578,12.56,2.29,10.34,1.13,0.29,0,6,0,0,8.39,7771442
4,6913,1540,2.8,5640,3.04,15.94,0.83,0.32,3.87,0,2,0,0,7.5,250000
8,34749,3246,5.1,31315,27.01,3.77,13.15,6.96,1.1,1,5,0,1,7.51,4944428
9,27885,4120,4.7,25491,12.44,4.13,5.67,2.79,0.58,0,6,1,0,8.31,6365907
6,4381,2255,4.1,2272,0.56,15.03,2.03,0.89,0.64,1,2,0,1,7.57,2036559
7,6667,2817,4.3,4192,1.46,18.77,0.42,1.01,0.66,0,4,0,1,8.11,2788822
7,4107,3195,4.1,1294,1.75,20.21,1,0.23,1.71,1,3,1,0,7.96,3117393
3,4903,1477,2.5,4034,1.92,21.87,0.99,1.54,1.76,0,1,0,1,7.4,250000
5,6935,2957,3.7,4286,3.75,22.54,0.76,1.62,3.44,0,5,0,0,7.9,1229936
4,5487,1997,3.3,4319,1.78,18.38,0.6,0.77,1.74,0,2,0,1,7.62,1300876
2,8539,1163,2.1,7102,2.18,21.38,1.45,1.86,1,0,3,0,0,7.46,250000
4,3045,2087,2.8,422,1.81,21.52,0.45,0.48,1.41,0,3,0,0,7.49,1413675
6,4271,1716,4.1,2611,2.26,13.48,1.89,0.96,1.47,0,2,0,0,7.88,1057447
5,5458,2024,3.2,3379,1.57,16.44,0.48,1.43,1.52,1,2,0,0,7.5,1370549
7,1891,3014,4.6,0,0.95,13.22,1.97,0.51,0.41,0,4,0,1,7.65,3230129
6,4641,2337,2.5,2134,0.27,19.37,1.92,0.35,0.52,0,5,0,1,8,2024557
7,5405,3060,4.3,3045,0.53,18.26,1.83,0.42,1.38,0,4,0,0,7.77,3137841
10,14615,5695,5.6,10665,13.76,0.37,13.95,1.33,0.98,0,6,0,0,7.95,7742836
3,3108,1716,2.2,1747,1.01,17.85,0.68,1.2,1.56,0,3,0,0,7.72,751388
6,3769,2790,3.8,903,1.96,16.67,0.58,1.4,3.69,0,3,0,0,7.81,1019313
6,3959,2872,4,2446,1.69,13.25,2.16,1.05,0.87,1,5,0,0,7.73,2852419
3,2484,1414,1.8,823,1.31,15.83,0.77,0.65,1.29,1,2,1,0,8.05,343439
10,54548,4021,4.9,50659,27.72,9.71,9.06,4.7,1.37,1,5,1,0,7.96,7044464
6,5600,2433,3.6,3485,2.49,24.24,1.29,0.94,3.41,0,4,1,0,7.85,843199
5,4603,1838,3,3049,1.36,20.88,1.61,0.51,1.12,1,4,0,1,7.7,1298234
2,4162,1312,2.5,3490,1.61,14.28,1.36,0.39,0.41,0,3,0,1,7.6,502407
8,7301,3089,4,5070,3.77,19.97,0.51,1.58,1.44,0,5,1,0,8,1923550
10,36207,4735,5,30232,20.62,0.62,10.81,3.38,1.88,0,6,0,0,7.93,7661322
4,5917,2496,3.8,3862,3.11,21.55,0.64,1.2,1.86,0,4,1,0,7.68,1029956
4,4078,1740,2.5,2840,1.63,14.35,2.31,0.82,1.16,1,3,0,1,7.47,1141822
5,2271,1808,2.8,391,2.55,18,1.31,1.14,4.36,1,3,0,0,7.06,250000
3,2930,1345,1.7,2359,2.21,20.24,1.52,1.25,4.16,1,3,0,0,7.4,250000
2,4107,1469,1.5,2056,1.05,23.83,1.07,1.09,0.53,0,3,0,0,7.9,331283
7,5162,3294,4.1,2264,1.59,18.31,1.1,0.73,4.49,0,4,1,0,7.6,1873790
7,4930,2889,5,2944,1.51,17.31,1.57,0.76,0.34,0,3,0,1,7.98,2898730
7,8060,3203,3.7,4433,2.48,16.35,1.38,0.95,3.08,1,4,0,0,7.57,1949731
6,4397,3077,3.9,1297,2.82,17.81,0.77,1.52,2.93,0,5,0,0,7.46,1681718
10,41706,6274,6,37524,18.33,0.53,9.76,3.24,0.95,0,6,0,1,8.1,10640601
6,3955,3163,3.2,1446,2.83,23.3,0.96,0.61,2.5,0,4,1,0,7.93,1636759
10,10451,6705,6.2,4334,12.68,1.98,9.85,1.38,0.41,1,6,1,1,8.65,10003008
10,14728,5032,5.2,9832,14.37,8.72,4.66,7.91,0.86,0,6,1,1,7.68,7321846
4,3344,2190,3.4,800,2.22,13.93,0.77,1.04,0.2,0,2,0,1,8.2,1670108
3,5509,2243,2.1,4215,0.22,14.38,0.74,0.34,1.22,0,2,0,1,7.68,1669101
4,3226,2079,3.2,781,0.95,12.29,0.79,0.23,1.71,1,3,1,1,7.69,1672816
7,28882,2741,4,27445,13.85,2.24,9.72,2.56,1.34,0,5,1,0,7.95,3980689
7,29414,3373,4.1,25842,16.45,2.5,13.12,2.93,1.33,0,5,0,0,7.7,4651463
3,5473,1489,2.5,4093,1.69,19.19,2.28,0.22,0.46,1,3,0,1,7.6,829745
4,27999,1794,2.6,26810,23.4,1.68,13.27,3.81,0.26,0,3,0,1,7.68,2231125
10,38212,5411,5.9,32414,25.47,5.33,12.45,5.4,1.4,1,6,1,0,7.97,7201179
5,4747,2818,3.2,2638,0.81,12.84,1.69,1.15,1.72,0,5,0,1,7.87,2470015
10,32386,6968,5.6,26572,18.85,4.9,10.74,2.14,1.81,1,6,0,1,8.25,9075402
4,6728,1408,2.3,5158,0.58,13.21,1.3,0.48,1.36,1,2,0,0,7.52,649355
6,2609,2847,3.7,989,0.51,13.34,2.24,0.72,0.37,1,3,0,1,7.78,2741386
4,4361,1860,2.8,2523,2.45,23.01,1.58,0.35,1.05,1,3,0,0,7.67,1144066
10,23675,4384,6.2,19167,12.11,4.21,9.55,4.5,0.87,1,6,0,0,8.14,6487610
10,18111,5615,5.7,12981,13.65,0.49,12.37,1.74,0.39,0,6,0,0,8.3,8359855
6,2423,2551,3.2,0,3.71,17.87,0.7,0.65,2.77,1,5,0,0,8,887562
6,5014,2036,3.1,2651,1.27,15.86,0.32,0.69,0.78,0,3,0,1,7.77,1630823
4,4730,1861,2.8,3077,0.97,23.49,1.3,1.11,1.74,1,3,0,1,7.56,1091816
2,4993,1083,2.1,4724,0.35,19.32,1.7,0.58,0.35,1,3,0,0,7.56,250000
10,47903,4191,5.7,43377,27.99,4.73,10.97,5.62,1.08,1,6,0,0,7.91,6371732
10,40738,6847,5.2,35141,12.64,7.28,7.14,0.97,1.67,0,6,0,0,8.24,10633564
8,51665,3987,4.7,48376,17.17,5.93,10.08,4.94,1.44,0,5,0,1,7.8,6080127
6,6331,2575,4.4,3205,1.2,23.19,2.34,1.1,1.62,0,3,0,0,7.44,2305331
6,4342,3157,3.8,2129,3.93,25.3,1.2,1.96,2.4,0,5,0,0,7.62,1673014
9,8174,3565,5.6,5105,2.23,14.3,0.87,1.39,4.12,0,5,0,0,7.91,2366279
5,2600,2407,3.7,0,0.81,14.04,0.69,0.79,1.09,1,4,0,0,7.52,2130490
6,6748,2803,3.6,3943,3.73,25.37,1.5,1.78,1.07,1,3,0,0,8.03,1314394
10,22267,6621,6.6,15731,15.41,9.21,4.28,4.71,1.97,0,6,0,0,8.38,9284126
5,2838,2665,2.6,1108,0.88,12.78,1.88,1.49,1.06,1,5,1,1,7.78,2597885
5,6733,1567,2.9,5675,2.52,16.5,1.64,0.78,3.82,0,2,0,0,7.76,250000
10,8739,4156,5,4404,25.64,6.57,4.59,3.14,1.16,0,6,1,0,8.26,5127074
7,6130,3070,4,3374,2.42,17.19,1.67,1.3,0.48,0,5,0,1,7.86,3111559
7,6563,2894,4.7,3775,2.56,24.8,0.94,1.13,3.73,0,4,0,0,7.73,1426110
4,3147,2230,3.2,1124,1.8,22.4,2.43,1.35,0.89,1,4,1,1,7.9,1731973
6,4910,2778,4,2962,2.25,23.48,1.91,0.86,1.75,0,4,0,0,7.28,2392924
3,2992,1268,2.9,1928,3.7,17.64,0.72,1.6,2.45,1,4,0,0,7.38,250000
4,4332,1676,3.5,3361,2.61,25.85,0.54,0.64,1.85,0,3,0,0,7.68,250000
3,2788,1304,2.6,2231,0.71,13.99,0.73,1.48,1.11,0,3,0,1,7.48,405435
4,6154,1932,3.4,3811,2.28,16.94,1.27,0.73,1.14,0,4,0,1,7.67,1438727
2,6192,901,2.2,4746,1.25,12.24,1.08,0.99,0.73,0,3,0,1,7.08,250000
6,7278,2853,3.8,5654,2.97,24.85,1.18,0.23,3.16,1,4,1,1,7.89,1428607
4,4265,1479,2.3,2198,1.6,16.13,1.49,0.47,1.93,0,2,0,0,7.91,250000
6,6049,2510,4,4197,2.95,14.73,1.19,1.49,2.09,1,4,0,0,7.69,1170623
4,20801,1680,1.4,18879,21.33,3.68,7.8,4.99,1.28,0,3,1,0,7.78,1637921
8,7910,3831,4.7,5398,23.2,8.66,10.1,2.05,1.78,0,5,1,0,7.75,4986230
2,3715,1585,1.2,2335,1.84,14.53,0.46,0.96,1.46,0,2,0,0,7.66,250000
10,12405,5053,6,8386,12.11,6.4,8.64,4.34,1.22,0,6,1,0,8.04,6717973
3,2342,1829,2.4,1306,1.96,22.16,2.25,0.12,1.44,0,3,1,1,7.42,1095540
4,4975,2228,3.1,3050,1.34,18.45,2.16,0.54,1.04,0,4,1,1,7.8,1896452
10,12720,4405,5.4,8554,14.73,4.51,13.27,6.52,1.59,0,6,0,0,7.99,6163872
3,37481,1758,2.8,36150,12.48,9.03,4.39,5.23,0.67,0,2,1,0,7.87,2484262
7,6984,3251,3.4,3900,3.53,18.22,1.79,0.25,4.45,0,5,0,0,7.66,1673950
6,4048,2420,3.4,1876,1.46,17.88,1.34,1.77,3.06,0,4,1,0,7.89,848045
7,3277,2431,4,1097,1.19,16.85,0.35,1.34,1.6,0,3,0,0,7.33,2154575
2,6569,928,1.8,5712,0.78,17.37,1,0.87,0.88,1,1,0,1,7.43,250000
7,6869,2840,4,3066,3.67,18.78,0.59,1.18,1.22,0,5,0,0,7.62,1689595
10,53361,6615,6,48296,22.06,5.17,10.21,0.89,1.35,0,6,0,1,8.51,11027214
4,6580,2056,2.3,4289,1.73,23.43,2.32,1,0.38,0,3,0,1,7.69,1404014
4,6727,2099,2.9,4892,0.29,15.29,1.32,1.43,1.07,1,4,0,1,7.47,1738159
4,2150,1913,2.1,0,1.66,14.92,1.38,0.74,1.01,0,3,0,1,7.72,1172224
5,5055,2284,3.7,2290,1.04,15.45,0.67,0.4,1.21,0,3,0,1,7.86,1886532
6,3322,2954,3.4,1248,1.54,20.7,0.32,0.29,2.62,0,4,0,0,7.84,1360668
8,59398,3887,4.8,55218,17.93,7.08,4.58,1.09,0.74,1,6,0,0,7.77,6621589
7,4235,3096,4.4,1507,1.68,22.03,2.46,0.86,0.5,1,5,1,1,7.77,3581033
7,47687,3452,4.5,45208,19.97,6.42,4.28,2.58,0.58,0,5,0,1,7.71,5889978
10,48505,6090,5,42796,16.42,4.6,10.94,3.61,0.23,0,6,1,0,8.37,9730176
10,20707,5224,5.1,15692,14.76,3.25,4.78,7.14,0.69,0,6,1,0,7.88,8062036
7,3973,2650,3.9,2128,2.85,14.96,1.66,1.03,1.68,1,3,0,0,7.89,1277389
3,6537,1198,2.6,5312,0.79,12.79,1.14,0.31,1.54,1,2,0,1,7.36,448528
5,2912,2360,4,930,2.13,20.44,1.57,1.95,3.64,0,3,0,0,7.34,671731
10,56723,4453,5.7,52624,22.84,2.86,13.71,2.77,1.79,1,6,1,0,8.1,7347371
10,52476,6077,6.3,47952,15.44,4.38,10.14,5.61,0.74,0,6,0,1,8.35,9506064
6,5237,2960,3.9,2664,0.12,23.76,0.37,0.12,1.56,0,5,1,0,8.09,2719072
8,6437,3336,3.9,2927,3.58,16.72,1.61,0.87,2.51,1,5,0,0,7.48,2224807
5,25060,1513,2.9,24172,27.71,8.64,10.23,0.89,0.53,0,3,1,1,7.8,1791651
10,17026,6951,6,11136,23.22,6.35,7.24,1.76,0.34,0,6,1,0,8.56,9848666
5,2845,2409,3.8,1531,3.56,14.8,0.87,1.65,4,0,4,0,0,7.69,556131
4,7164,1658,3,5518,1.04,22.33,1.65,1.64,3.18,1,3,0,0,7.51,250000
7,3487,3088,4,910,0.47,18.54,0.71,1.2,1.06,1,5,0,0,8.01,3050226
3,3345,1645,2.6,1358,2.15,21.36,1.74,1.23,0.87,0,3,0,0,7.66,744740
3,6962,1521,2.9,5952,2.46,23.24,1.49,0.23,1.28,0,2,0,1,7.59,720705
3,5080,1630,2.1,4266,0.26,22.7,2.5,0.59,1.37,0,3,0,0,7.47,793571
5,2661,1195,2.2,985,1.15,12.78,2.07,1.37,0.52,0,3,0,0,7.61,335350
6,5390,2398,4.4,3086,1.43,12,0.58,1.28,0.56,1,4,0,1,7.64,2380014
4,6688,1414,2.7,6498,1.23,16.28,0.49,0.35,0.59,0,3,1,1,7.78,811818
10,45617,6470,5.1,40177,15.64,9.78,6.85,1.16,1.04,1,6,0,1,8.18,10558843
8,4084,2881,4.1,1239,2.11,19.24,0.64,0.25,1.72,1,6,0,1,7.86,2631301
4,3376,1952,2.4,2309,1.89,12.21,1.17,0.88,0.47,0,4,0,0,7.35,1419831
7,2377,3059,3.2,0,2.29,21.26,0.85,0.55,1.23,0,6,0,1,7.98,2927320
8,5834,3103,5,2714,1.75,16.89,2.05,0.95,1.59,0,5,0,0,7.67,3386820
3,3720,1056,2.7,3704,1.97,21.41,2.07,0.14,0.15,0,1,1,0,7.8,250000
4,5371,2085,2.4,4268,0.45,12.81,0.6,0.29,0.63,1,4,0,0,7.58,1633874
6,43079,2570,3.3,41292,25.42,8.62,12.82,2.78,0.35,0,4,1,1,7.76,3881683
8,7138,3495,4.9,4110,3.55,23.86,1.31,0.41,3.83,1,4,0,0,7.84,2166062
3,8460,1350,3.2,6722,1.74,17.68,0.21,0.87,1.56,0,3,0,0,7.53,250000
4,3943,1892,3.6,3001,1.16,24.71,0.42,0.83,2.33,0,2,0,0,7.61,250000
6,2580,2830,3.2,353,0.42,13.26,1.27,0.71,1.77,0,3,0,0,7.51,2756265
3,4595,1783,2.1,2345,2.03,17.94,2.29,0.41,0.29,1,3,0,0,7.62,1102772
5,32098,2164,3.7,29742,25.11,4.72,10.05,7.23,1.79,1,4,0,0,7.69,2693479
6,25628,2246,4,24517,26.57,5.03,12.89,6.07,1.76,1,4,0,1,7.75,2887838
8,4991,2883,3.5,1872,2.26,12.38,0.57,0.11,0.94,0,5,0,0,7.72,3003799
6,4408,2599,4.6,1640,2.62,16.5,1.2,0.4,2.68,0,5,0,0,7.87,1070092
10,51339,5285,6.2,46832,19.41,2.79,8.28,2.77,1.29,1,6,0,0,8.1,8890774
5,4574,2361,3.1,1565,0.64,13.12,0.89,0.17,0.22,0,5,0,1,7.28,2411460
9,45442,3290,5.3,42258,26.98,8.55,13.55,1.49,1.92,0,4,0,0,7.83,5637328
2,6358,1463,2,4644,2.9,22.17,0.58,0.78,2.34,0,4,1,1,7.55,250000
5,6523,3009,3.7,4530,3.61,17.74,1.23,0.7,2.21,0,5,1,0,7.38,1820328
6,6872,2739,4.2,5086,3.17,24.47,0.56,1.22,3.11,0,3,0,0,7.75,1191823
7,6297,3001,3.8,4355,1.43,13.91,1.99,0.55,1,0,4,0,1,7.89,2993785
4,5954,1877,2.9,4843,1.74,14.85,1.58,1.3,4.44,0,3,0,0,7.63,250000
4,3235,1749,2.6,2010,0.13,16.52,0.5,0.82,0.11,0,3,0,0,7.36,1201489
6,4913,2911,3.8,1043,0.54,21.22,0.41,0.56,0.47,0,4,0,1,7.98,2669534
5,5800,2493,3.2,4036,0.32,22.13,0.69,0.34,1.35,0,3,0,0,8,1934396
5,5750,2373,3.4,3624,0.97,17.19,1.85,0.85,1.58,0,4,0,0,7.68,1826958
4,3410,1825,3,2535,0.79,14.03,1.98,0.65,1.51,0,3,0,0,7.89,1052998
4,6569,1555,2.3,4938,2.78,19.53,0.88,0.94,2.09,0,3,0,1,7.58,250000
7,6240,2944,3.9,3207,26.72,1,10.07,4.45,0.39,1,5,0,0,7.62,3573512
5,5935,2193,3.3,4554,2.19,22.89,1.25,1.35,4.12,0,3,0,0,7.53,396837
7,4374,3158,3.7,1863,3.24,23.26,0.42,0.92,2.88,0,5,0,0,8,1577739
3,2337,1428,2.5,391,1.81,22.73,1.96,0.83,0.28,0,2,0,1,7.72,483680
4,32510,1994,2.1,30968,21.21,8.25,6.89,6.83,1.39,1,3,0,0,7.39,2473861
7,6154,2764,4.5,4202,2.25,17.79,1.54,1.18,0.51,0,3,0,1,7.79,2686616
10,36322,6308,4.8,30432,18.94,7.99,12.7,6.89,1.76,0,6,1,1,8.49,8680526
2,5891,1047,2.9,5026,0.48,16.58,1.53,1.33,1.74,0,1,0,0,7.62,250000
10,49760,5092,4.8,45804,18.02,4.46,8.55,7.63,1.54,0,6,1,0,8.26,7817165
2,5597,1274,2,4574,2.47,21.64,0.94,1.14,0.33,0,2,0,0,7.42,302812
5,6697,2983,3.7,3873,2.19,13.28,0.81,0.96,1.75,1,4,1,1,7.95,2790512
6,3525,2422,4.1,1373,2.94,17.95,0.71,0.31,4.35,0,4,0,0,7.48,747981
6,6553,2990,3.8,3494,1.19,12.94,1.4,0.83,1.5,0,5,0,0,7.76,3037190
7,6123,3543,4,2863,3.75,24.19,0.81,0.46,3.07,1,4,0,0,7.38,2220046
2,8830,1117,1.9,7093,2.59,17.95,0.37,0.98,3.24,0,3,0,1,7.44,250000
5,5018,2715,3.4,2611,1.85,21.03,0.72,1.38,0.8,0,4,0,0,7.8,2381218
6,6492,3185,4.3,3598,2.91,15.38,1.32,1.22,4.38,1,4,0,0,7.59,1688518
2,2664,1021,1.6,1343,1.1,21.58,1.76,1.59,1.89,0,1,0,0,7.6,250000
3,8698,1685,2.7,7201,1.28,20.49,0.5,0.94,1.66,1,3,0,0,7.6,250000
5,5915,2336,3.3,3636,2.22,21.93,1,0.46,1.35,0,3,0,0,7.49,1904424
5,6515,2503,3.9,4569,0.84,22.53,0.85,0.92,0.73,1,3,0,1,8.04,2187298
7,3534,3316,4.1,791,3.51,25.57,1.11,1.42,4.02,0,4,0,0,7.94,1544609
2,3260,1078,1.4,1998,1.39,16.39,1.05,0.74,1.54,0,2,0,0,7.23,250000
10,48816,5869,6.3,43801,12.26,7.59,12.53,5.16,1.53,1,6,1,0,8.24,9757297
2,4244,1511,2,2754,1.52,21.42,0.87,1.14,1.24,0,3,0,1,7.98,379596
3,3688,1322,2.5,1485,1.41,14.26,1.08,0.44,4.03,0,2,0,0,7.71,250000
7,7086,3448,4.4,3787,3.34,17.65,1.41,1.01,3.72,0,4,0,0,7.63,1934585
7,2700,2849,4.8,0,2.58,21.49,1.36,1.42,1.33,0,5,0,0,8.07,1586773
5,2673,1786,3,146,1.2,19.76,1.64,0.9,3.74,0,2,0,0,7.58,250000
3,3312,1932,2.9,1110,1.87,12.53,2.02,0.38,1.39,0,4,0,0,7.63,1174968
7,2606,3044,4,301,2.01,14.83,1.88,1.04,0.4,0,5,0,0,8.02,3069201
5,5085,2349,2.7,3228,0.26,16.92,2.28,1.43,1.43,1,3,1,1,7.39,2015330
5,6257,1661,4.2,3974,2.21,21.44,0.53,2,1.99,0,3,0,0,7.51,250000
5,43797,2345,3.3,41701,27.19,2.32,6.36,1.76,1.48,1,3,1,0,8.09,3617458
2,4595,1343,1.5,3158,2.94,23.22,0.5,1.09,2.39,0,1,0,0,7.47,250000
6,4411,2480,3.3,2837,1.95,12.43,1.48,0.6,1.28,1,4,1,1,7.89,2249330
8,44326,3109,4.1,41323,22.7,0.59,8.71,2.51,0.19,0,4,1,1,7.88,5038474
4,5158,1252,2.9,4341,2.3,21.33,1.22,0.92,1.02,0,2,0,1,7.55,382089
2,8973,1661,1.8,7454,1.41,18.98,0.43,0.24,2.97,0,4,0,1,7.84,250000
4,5320,1289,3.5,4773,1.87,21.44,0.5,0.36,0.89,0,3,0,0,7.61,470945
8,7701,2895,5.1,5408,2.46,17.38,0.91,0.22,3.09,0,4,0,0,7.88,1646632
2,6889,1588,1.4,4590,3.77,21.48,0.37,0.23,1.06,0,2,0,0,7.32,250000
10,31042,4220,4.6,27943,26.85,5.12,9.02,3.41,1.45,1,4,0,0,8.07,6128968
9,4297,3504,5.5,1683,2.03,25.8,0.51,2,1.27,0,5,0,0,8.13,2455385
4,3116,2019,2.7,1959,1.85,22.23,0.49,1.4,1.68,0,5,0,0,7.65,1195808
7,3839,3157,4.3,774,2.21,18.97,1.59,0.59,1.66,1,4,0,0,7.77,1997426
10,21215,4361,5.2,18023,14.77,4.51,5.77,3.01,0.61,1,6,1,1,8.28,6715556
5,6672,2243,2.4,4566,1.83,17.76,0.78,0.81,2.87,0,4,0,1,7.47,677740
5,23488,2172,3.3,21769,16.51,9.65,8.16,7.52,0.3,0,3,1,1,8.05,2725058
10,31141,5575,6.3,26636,15.33,0.33,9.7,6.66,0.92,0,6,0,1,8.41,8760845
9,21456,4217,5.4,18072,21.64,3.58,12.46,5.82,1.49,1,6,0,0,8.41,6006900
3,4929,997,2.7,4132,2.32,22.36,0.73,0.93,1.12,0,1,0,0,7.69,250000
3,6320,1210,2,5298,0.36,16.21,2.25,1.07,0.77,0,2,0,1,7.44,393653
5,4386,1928,2.6,2192,1.21,22.55,1.41,1.42,0.35,1,2,0,0,7.53,1372774
8,2125,2974,4.4,0,0.22,18.2,0.79,0.64,0.94,0,5,1,1,7.66,2943344
4,4273,1598,2.8,3279,2.49,14.22,1.13,0.96,0.69,0,3,0,1,7.73,877673
5,3915,2416,3.5,1077,1.85,23.18,0.87,1.08,0.68,0,4,0,0,7.75,2078059
5,3811,2899,3.7,1811,2.47,16.43,0.42,0.28,1.44,0,4,0,0,7.72,2753645
5,6271,2171,2.9,3574,2.4,17.19,1.78,1.83,2.85,0,4,0,0,7.65,528612
7,7002,3570,4.4,3247,1.52,15.6,0.67,1.83,2.44,0,5,0,0,8,2234647
10,12742,4681,5.1,8143,21.79,2.87,4.23,2.65,1.21,0,6,0,1,7.82,6244330
5,3213,2222,3.2,759,2.42,19.29,1.2,0.65,0.14,1,3,0,1,7.69,1861983
7,15797,2943,3.5,12957,24.95,2.06,8.01,7.03,1.31,0,5,1,1,7.75,3622225
5,4027,2741,2.1,1631,2.06,22.63,0.79,1.89,1.48,1,5,0,0,7.59,1131031
10,34285,6926,5.6,28435,24.75,7.34,9.89,3.77,0.2,0,6,0,0,8.5,10549814
4,2322,2186,3.4,7,2.13,15.79,1.51,0.11,1.78,0,3,0,0,7.65,1530827
4,5132,2472,2,3768,2.46,18.55,1.96,0.64,0.39,0,3,1,1,8.46,1975955
7,3649,3166,4.6,1097,0.2,16.92,0.63,1.12,0.43,0,5,1,1,7.95,3211033
3,5227,1188,2.3,4376,1.66,20.06,1.01,1.43,1.42,0,3,0,1,7.76,250000
4,6894,1467,3.4,5738,26.29,0.58,7.33,7.45,1.41,0,1,0,1,7.5,832246
7,3924,2989,4,1482,1.1,13.08,0.73,0.86,0.4,1,5,0,1,7.77,3152417
2,2075,1092,1.5,1740,0.23,23.53,2.16,0.71,0.52,0,3,0,1,7.55,250000
7,2497,2830,4.5,0,1.77,16.94,1.11,1.26,0.25,1,5,0,0,7.68,2813417
2,1967,1422,2.3,1537,0.35,12.54,0.6,0.38,0.81,0,3,0,1,7.3,648001
5,7577,1947,4.3,5577,1.04,18.19,0.39,0.48,2.28,0,4,0,0,7.68,558802
8,5551,3082,4.8,1970,0.25,22.39,1.22,1.33,0.62,0,4,0,1,7.84,3362649
4,5928,1566,2.3,5450,1.75,13.27,0.55,1,0.24,1,1,0,1,7.98,838657
4,4698,1058,2.8,3727,0.63,18.76,1.77,0.64,0.81,0,2,0,0,7.58,250000
10,43008,5781,5.9,37743,21.29,8.98,5.47,4.04,1.23,1,6,0,0,8.19,8390717
5,2313,3077,2.9,0,0.3,20.13,2.3,0.35,0.5,1,5,1,1,8.09,2878013
6,5993,2158,3.6,4468,1.46,18.45,1.48,0.38,0.58,1,3,0,1,7.51,1961893
10,59540,4568,5.1,55649,26.62,6.49,9.66,4.26,0.55,1,6,0,0,7.77,7644392
5,42802,1914,3.1,41330,23.4,5.57,9.24,7.93,1.27,0,4,1,1,7.63,2730555
6,6804,2477,3.7,5328,1.64,17.32,1.33,1.93,4.31,0,4,1,0,7.59,887047
3,4007,1659,2.2,2516,1.38,21.78,2.46,0.45,0.28,0,4,0,1,7.68,927572
4,7875,1600,3,6554,27.36,7.06,5.89,3.42,1.06,0,2,0,0,7.36,1137739
4,3490,1116,2.2,2591,2.12,14.3,1.1,0.33,2.53,0,1,0,1,7.41,250000
4,3276,1574,2.8,2615,0.88,19.69,1.93,0.81,1.14,0,3,1,0,7.72,849900
7,59696,2763,3.7,56337,19.59,1,5.41,7.49,1.13,0,4,0,0,7.69,4556616
10,7988,6066,5.8,2186,21.94,0.6,10.02,3.87,1.7,0,6,0,1,8.09,7653897
10,48763,6190,4.9,43381,14.58,5.95,13.15,1.1,1.61,0,6,1,0,8,9056428
8,5473,3517,4.4,2955,1.24,17.18,1.75,1,3,1,5,0,0,7.61,2369737
10,32098,6807,5.1,24473,13.88,1.51,7.49,2.29,1.42,1,6,1,1,8.62,10495521
2,1864,1390,2,991,0.18,16.72,1.09,0.24,1.38,0,3,1,0,7.93,300970
7,20533,2952,4.1,19181,22.26,8.84,10.17,7.83,0.52,0,6,0,0,7.31,4293177
10,24485,5086,6,19136,12.12,6.7,13.13,3.35,0.7,0,6,1,1,8.19,7773059
5,6752,2994,3.6,3862,0.38,22.9,2.42,0.55,1.29,1,4,0,0,7.35,3064248
6,7376,2412,4,5410,1.54,17.23,1.11,1.45,2.78,0,4,1,0,7.32,1263808
4,6806,1526,3.1,4772,1.72,21.65,0.73,1.46,1.03,0,4,0,1,7.93,745848
5,45584,2095,3.2,43334,21.88,9.79,6.14,5.26,1.17,1,3,1,0,7.91,3110928
3,4593,1394,2.9,3954,2.49,21.23,1.55,1.14,1.66,0,2,1,0,7.94,351022
10,7326,6027,5.6,1488,17.22,6.93,10.17,3.97,1.52,1,6,0,0,8.14,8924114
6,6977,2327,2.7,5378,1.65,19.76,2.24,0.36,0.2,0,3,0,1,7.63,2081173
10,47760,5957,5.7,42519,17.16,9.7,11.15,1.27,1.01,0,6,1,0,8.61,9398316
6,5175,1675,3.2,3270,2.55,20.95,1.21,1.29,3.16,0,3,0,0,7.39,250000
2,3731,1169,2,2678,0.69,12.05,1.07,1.22,0.55,0,2,0,0,7.41,250000
6,8121,2993,2.6,4322,16.2,2.78,4.11,7.53,1.74,1,6,0,0,7.61,3637723
4,3415,2119,2.8,1427,1.68,20.3,1.28,0.62,1.41,1,3,0,1,7.64,1512012
6,6144,3049,3.3,4137,1.94,21.65,2.22,0.83,1.26,0,5,0,1,7.87,2912970
2,40542,1451,2.6,38890,16.73,4.29,10.53,3.65,1.67,0,3,0,0,7.67,2000353
6,6702,2699,3,4445,2.7,24.11,0.91,1.65,3.75,0,4,0,0,7.47,1010062
3,6028,1461,2.5,4534,1.5,18.69,2.1,0.65,0.48,0,2,0,1,7.53,746548
6,46616,2315,3.4,44446,13.99,1.06,11.32,2.5,0.24,0,2,0,0,7.51,3560336
3,2286,1499,1.4,952,0.38,15.03,0.35,0.59,0.46,1,3,0,1,7.62,653521
4,4771,2120,3.7,3041,0.82,14.98,1.86,0.58,1.13,0,3,0,1,8.09,1606697
2,6176,1507,1.8,5555,1.44,12.02,2.37,1.43,1.31,0,3,0,1,7.78,565767
6,1813,2583,3.7,91,2.21,17.81,1.3,1.23,1.6,0,4,0,1,7.5,2207110
5,4972,1772,3.1,3614,2.22,14.68,0.98,1.46,1.05,1,4,0,0,7.57,1254992
7,14236,3285,4.5,10279,18.81,6.93,5.95,0.87,1.96,1,3,0,1,7.82,4419381
6,4393,2857,3.9,1233,1.5,22.75,2.27,0.62,0.86,1,4,1,0,8.18,2771517
7,43572,2616,3.2,41528,16.66,1.82,13.21,4.56,1.95,0,4,0,0,7.83,4103821
4,3139,1935,2.1,1918,1.4,18.27,2.46,1.17,0.29,0,3,0,0,7.54,1248288
3,52801,1608,2,51614,21.68,6.41,11.37,5.8,1.77,0,3,0,0,7.7,2399003
4,5044,2071,2.9,2910,0.72,22.72,0.63,0.75,1.09,1,4,0,0,7.58,1460818
10,31963,6516,5.3,26660,12.76,0.26,13.48,6.01,1.59,1,6,1,0,8.21,9857641
3,3691,1003,2.7,3006,3.44,25.63,1.74,0.74,3.9,0,2,0,0,7.48,250000
7,3784,3053,4,861,1.02,19.55,1.58,1.31,3.22,0,4,0,0,7.56,1501272
3,3073,1469,1.5,1559,3.5,19.52,0.77,0.98,1.61,0,1,0,0,7.77,250000
7,6963,3100,3.7,4570,1.4,20.63,2.36,0.45,0.64,0,4,0,1,8.01,3131248
8,2832,3147,5.2,0,1.16,14.5,1.1,0.96,0.97,1,4,0,0,7.92,3248691
4,42215,1808,3.4,40330,21.71,0.32,10.61,6.06,1.04,1,3,1,0,8.03,2804767
3,3444,1770,2,1799,3.97,19.2,0.3,1.82,1.61,0,3,0,0,7.34,250000
10,49844,6197,5.6,44603,17.02,3.42,9.16,5.34,1.48,0,6,1,0,8.27,9312231
6,49982,2537,4.3,47432,23.43,2.71,7.49,4.18,0.94,0,3,0,1,7.56,4217604
4,6737,2071,2.9,5331,1.34,18.31,0.55,1.46,0.24,1,3,0,1,7.56,1798343
5,3041,2709,2.8,1483,1.14,15.96,2.29,0.31,0.55,0,5,0,0,7.65,2379533
10,17767,5152,5.2,12337,12.93,6.65,11.95,5.15,0.48,1,6,1,1,8.71,7016811
5,4389,2477,3.6,2262,0.93,20.3,1.16,0.76,0.33,0,5,1,0,7.47,2417072
10,48807,5642,4.8,43638,15.27,2.53,4.29,5.4,0.8,1,6,0,0,8.13,9667623
10,30929,6586,5.2,25277,15.83,6.24,13.94,3.51,0.1,0,6,1,0,8.41,10059722
4,6227,1620,3,3570,0.9,19.96,1.6,0.22,1.4,0,3,0,0,7.62,894279
3,2560,1489,2.4,1767,2.28,18.26,2.07,0.81,1.14,0,3,0,0,7.68,448687
2,6833,978,2.3,5629,1.26,14.52,0.43,1.01,1.77,0,2,0,1,7.48,250000
8,5870,3468,4.2,2929,2.17,14.04,0.23,1.22,3.63,0,5,0,0,7.42,2265931
2,7028,1509,2.3,5293,2.33,19.07,1.4,1.4,2.67,0,2,0,1,7.64,250000
3,3730,1031,2.2,2766,3.17,22.36,0.57,0.8,4.14,0,1,0,0,7.59,250000
5,4972,2847,2.9,3105,2.11,14.01,1.74,0.94,0.58,1,4,0,0,7.83,2702084
5,8026,1480,2.9,6576,1.47,23.39,1.59,0.33,3.67,1,3,1,0,7.62,250000
7,2531,3135,3.5,0,1.87,22.5,2.44,0.63,1.27,0,4,0,1,7.81,2881670
8,5572,3371,4.4,2416,1.5,14.29,0.81,1.2,1.89,1,4,0,0,7.87,2115656
6,7793,2690,4.2,6146,3.37,15.06,0.22,1.52,1.92,1,4,0,0,7.89,1405838
10,23788,5906,5.6,17632,26.26,6.26,9.56,5.64,0.41,1,6,0,1,8.33,8248697
10,48795,4160,4.7,45562,25.36,2.04,5.13,3.96,0.44,0,5,1,0,7.91,6901545
6,8737,2948,2.5,5691,1.73,19.31,0.88,0.38,4.1,1,4,0,0,7.47,1464178
7,4735,3189,4.8,2129,1.92,23.61,1.82,0.48,0.59,0,4,0,1,7.7,3488767
4,2238,2391,3.6,799,2.77,24.5,0.54,1.69,3.51,1,3,0,1,7.82,490529
5,5764,2820,2.7,3718,2.1,21.42,0.97,0.83,0.61,1,3,0,1,7.62,2591082
5,4668,2480,3.5,1621,1.6,21.36,0.53,0.5,2.35,0,3,1,0,7.89,927892
5,5423,1753,2.9,3878,2.27,22.94,1.15,0.41,0.83,0,3,0,0,8.1,954569
8,8835,2983,5.3,6085,3.06,18.71,0.39,0.31,2.67,0,5,1,0,8.04,1884199
7,7637,3433,5.6,4311,2.71,15.31,1.51,1.67,1.4,0,5,0,0,7.79,2434460
4,3973,2423,3.4,1934,1.23,12.81,0.73,0.34,0.97,1,3,0,0,7.73,2032790
10,25721,4786,5.6,21743,27.14,7.29,8.53,3.44,0.46,1,5,1,1,8.11,6853532
5,2401,2206,3.4,0,2.28,20.21,2.06,0.81,0.91,0,3,0,0,8.17,1493877
4,2767,1028,3.1,2457,3.12,19.45,0.49,1.97,3.77,0,3,0,0,7.35,250000
8,3298,2709,3.7,435,1.08,18.62,0.64,0.76,1.39,0,5,0,1,7.89,2639976
4,3164,1267,3,1995,0.21,17.12,0.65,1.07,1.73,0,2,1,0,7.63,339183
8,6030,3501,5.1,2521,3.68,20.07,1.17,0.94,1.46,1,5,0,0,7.81,2495367
7,7611,3208,4.1,4671,3.46,24.76,0.43,1.89,1.04,0,5,0,0,7.73,2049652
7,7468,2563,4.2,4464,3.48,17.18,0.32,1.5,3.9,0,4,0,0,7.55,1047525
6,12256,2656,3,10130,27.93,5.84,9.86,6.88,1.1,0,4,0,0,7.45,2955410
10,58812,5203,4.5,54316,27.52,3.02,12.15,5.68,0.6,0,6,1,0,8.37,9125420
4,6741,2080,1.9,4801,2.01,18.31,2.35,0.3,1.03,0,4,1,1,8.1,1442613
5,3840,1806,3.9,3071,1.52,22.72,2.46,0.95,0.96,0,3,1,0,7.4,1308987
9,16305,3831,5.2,12527,23.17,6.11,9.45,3.93,1.53,0,6,0,0,8.1,4986233
3,5146,1342,2.7,5513,2.38,18.35,1.86,1.01,0.62,1,3,0,0,7.39,624019
7,4979,2811,4.5,2226,1.22,13.76,0.97,1.47,0.29,0,4,0,0,7.81,2840856
10,48986,5001,5.4,44540,13.37,8.85,9.35,4.36,1.87,0,6,0,1,7.72,7515348
6,2788,2925,4,90,2.06,15.66,1.14,0.72,0.69,1,5,0,0,8.06,2888080
3,5393,1794,2.3,3748,1.93,20.58,0.25,1.88,3.27,0,3,0,0,7.89,250000
4,2410,1469,2.8,142,1.09,15.04,0.48,0.56,1.3,0,2,0,1,7.61,614385
6,7471,2966,3.2,4340,2.55,14.78,1.77,0.88,2.11,0,5,1,0,8.06,1693368
9,54783,4204,5,51660,24.05,8.01,13.46,5.93,1.8,0,6,0,0,8.05,7007557
8,17843,3719,4.8,14810,16.72,2.73,10.52,1.98,0.98,1,6,0,0,7.89,4951157
3,2973,1188,2.5,1425,3.49,19.57,1.79,0.61,3.27,0,2,0,0,7.42,250000
7,3413,2887,3.9,0,1.96,17.15,1.69,0.17,1.18,0,5,0,0,7.78,2787695
5,6479,2260,3.6,4404,2.07,15.67,1.21,1.55,4.23,0,4,0,0,7.8,476863
5,2292,3140,3.6,0,0.41,18.34,2.08,0.45,1.53,0,5,0,0,7.69,2897348
3,3245,1035,2.4,2686,0.36,15.24,1.79,0.36,0.99,0,2,0,0,7.53,250000
4,5292,1557,2.9,2963,2.28,16.96,1.69,1.48,1.44,1,4,0,0,7.87,661172
